"ID","Year","Month","Day","BulkSeq","Flux","Sample","pH","NH4","Na","Mg","K","Ca","Total.Al","Si","S","Cl","SO4","NO3","Total.N","DON","DOC"
38877,2007,11,16,"Bulk","BP","BP",6.61,264.36,37.19,33.74,80.18,25.7,0.56,16.73,NA,32.07,64.76,"28.90",300.84,7.58,358.61
38878,2007,11,16,"Bulk","TF","BE",6.58,15.12,102.65,118.49,289.51,123.25,1.48,121.75,NA,45.47,157.78,"51.63",100.55,33.8,1144.36
38879,2007,11,16,"Bulk","TF","YP",6.98,4.52,53.07,195.02,558.3,161.18,5.93,27.06,NA,71.12,292.26,"6.15",58.31,47.64,86.14
38880,2007,11,16,"Bulk","SF","YP",6.77,3.61,28.27,250.16,681.83,253.49,40.77,100.75,NA,103.31,276.91,"0.55",85.51,81.35,6825.55
38881,2007,11,16,"Bulk","LL","LL",6.91,7.41,26.97,501.96,1038.35,360.28,32.61,112.85,NA,94.71,309.48,"0.11",93.06,85.55,6467.76
38882,2007,11,16,"Bulk","LL","LL",6.23,214.15,43.5,261.68,982.85,317.36,13.34,25.28,NA,104.1,779.6,"255.99",526.93,56.79,6844.44
38883,2007,12,10,"Bulk","BP","BP",4.82,39,26.97,12.34,9.97,24.45,0.74,1.07,NA,19.46,50.84,"58.99",109.04,11.06,365.16
38884,2007,12,10,"Bulk","TF","BE",5.82,86.6,46.11,51.02,101.02,61.88,1.11,7.83,NA,41.43,163.51,"108.33",221.7,26.76,476.1
38885,2007,12,10,"Bulk","TF","YP",6.04,16.66,34.8,51.84,163.42,55.89,1.48,3.92,NA,36.95,142.91,"74.79",103.25,11.8,579.42
38886,2007,12,10,"Bulk","SF","BE",4.9,158.57,35.23,93.81,243.86,181.39,0.93,29.37,NA,45.94,511.11,"136.92",324.96,29.47,776.76
38887,2007,12,10,"Bulk","SF","YP",6.63,10.22,16.96,65.83,209.46,65.37,1.48,2.14,NA,35.9,187.67,"24.34",70.5,35.95,1296.09
38888,2007,12,10,"Bulk","LL","LL",6.43,6.28,32.19,141.54,399.99,143.71,29.28,68.71,NA,48.6,154.42,"41.35",110.8,63.17,3515.23
38889,2007,12,10,"Bulk","LL","LL",6.75,6.75,19.14,114.38,300.51,83.83,12.23,43.43,NA,40.08,86.9,"ND",51.48,44.73,1979.27
38890,2007,12,14,"Bulk","BP","BP",4.56,58.18,40.02,15.63,5.63,27.94,1.85,4.98,NA,38.62,103.11,"77.45",130.62,-5.01,287.46
38891,2007,12,14,"Bulk","TF","BE",4.99,105.02,47.85,43.61,119.44,70.36,1.48,7.83,NA,41.79,237.82,"102.64",217.61,9.95,401.91
38892,2007,12,14,"Bulk","TF","YP",5.25,51.47,43.06,97.92,226.08,112.28,3.34,4.63,NA,50.03,359.13,"76.25",141.32,13.59,1054.55
38893,2007,12,14,"Bulk","SF","BE",4.95,110.31,31.32,75.7,195.14,160.18,0.74,24.21,NA,40.72,406.96,"107.93",231.15,12.91,547.54
38894,2007,12,14,"Bulk","SF","YP",5.65,11.78,30.88,180.21,326.59,172.16,1.85,2.49,NA,58.13,499.2,"49.31",91.39,30.3,1403.54
38895,2007,12,14,"Bulk","LL","LL",6.52,3.5,26.75,117.67,366.49,124.75,24.83,68,NA,28.99,157.15,"10.88",86.49,72.11,3481.21
38896,2007,12,14,"Bulk","LL","LL",6.85,0.88,24.36,203.25,485.41,150.2,25.2,67.64,NA,31.45,220.43,"ND",63.05,62.17,3436.5
38897,2007,12,17,"Bulk","BP","BP",4.86,14.72,34.8,10.7,3.32,10.48,0,0.36,NA,35.59,38.73,"18.62",48.56,15.22,206.9
38898,2007,12,17,"Bulk","TF","BE",5.36,25.75,40.89,15.63,60.1,22.95,0.74,3.2,NA,46.9,74.46,"29.42",65.91,10.75,335.45
38899,2007,12,17,"Bulk","TF","YP",5.39,17.06,34.8,36.21,132.22,37.92,1.48,1.78,NA,53.13,139.82,"22.51",57.63,18.06,751.58
38900,2007,12,17,"Bulk","SF","BE",5.28,14.75,19.14,9.05,42.71,20.46,0.74,3.56,NA,25.04,57.85,"18.49",52.2,18.96,334.32
38901,2007,12,17,"Bulk","SF","YP",5.79,2.79,17.83,29.62,142.45,30.44,1.11,1.78,NA,28.56,112.55,"4.24",27.17,20.14,800.68
38902,2007,12,17,"Bulk","LL","LL",6.19,3.15,45.24,102.86,296.16,93.81,8.15,6.76,NA,117.03,131.72,"23.67",78.2,51.38,2260.59
38903,2007,12,17,"Bulk","LL","LL",6.61,5.37,30.01,105.33,263.68,68.36,5.19,3.92,NA,75.64,106.34,"0.51",42.86,36.98,1602.34
38904,2008,2,7,"Bulk","BP","BP",7.38,669.2,103.52,113.97,411.25,82.58,0.19,89.36,NA,72.67,170.89,"49.04",172.88,-545.36,898.87
38905,2008,2,7,"Bulk","TF","BE",6.94,101.83,93.08,21.39,40.15,30.44,0,11.75,NA,27.6,105.17,"57.15",184.25,25.27,405.38
38906,2008,2,7,"Bulk","TF","YP",6.92,136.85,101.35,29.62,37.85,32.93,0.37,12.46,NA,32.31,117.32,"60.75",186.83,-10.78,NA
38907,2008,2,7,"Bulk","SF","BE",3.65,224.4,128.32,269.08,287.97,792.91,6.3,20.65,NA,159.63,1449.78,"272.82",584.29,87.07,1086.02
38908,2008,2,7,"Bulk","SF","YP",5.63,32.26,29.58,46.9,99.74,51.9,1.48,7.48,NA,NA,NA,"",150.95,118.69,NA
38909,2008,2,7,"Bulk","LL","LL",5.8,22.65,48.72,185.15,252.17,192.61,14.45,100.04,NA,42.35,198.89,"99.98",225.51,102.88,3491.87
38910,2008,2,7,"Bulk","LL","LL",6.12,31.81,20.88,94.63,83.89,66.37,2.59,25.99,NA,22.45,83.29,"52.38",112.86,28.68,1196.66
38911,2008,3,6,"Bulk","TF","YP",6.37,78.94,177.03,74.88,85.16,120.76,0.74,29.9,NA,113.62,162.97,"77.16",172.7,16.6,986.21
38912,2008,3,6,"Bulk","SF","BE",3.99,194.81,94.82,47.73,101.28,140.22,2.96,19.22,NA,141.35,303.75,"161.28",400.12,44.03,1574.56
38913,2008,3,6,"Bulk","SF","YP",5.25,23.24,84.82,192.97,231.71,229.29,4.08,3.2,NA,148.02,334.79,"61.12",144.84,60.48,2641.3
38914,2008,3,6,"Bulk","LL","LL",5.47,185.43,122.23,240.28,198.97,217.56,7.41,53.04,NA,214.86,259.95,"123.19",291.3,-17.32,2905.43
38915,2008,3,6,"Bulk","LL","LL",5.82,22.74,83.95,257.56,197.44,191.62,7.78,11.04,NA,122.43,252.43,"47.45",124.12,53.93,3137.9
38916,2008,3,20,"Bulk","BP","BP",6.08,39.91,56.98,18.1,4.6,31.44,0,3.92,NA,44.91,53.83,"30.24",72.7,2.55,231.23
38917,2008,3,20,"Bulk","TF","BE",5.83,106.72,80.47,18.1,39.9,32.93,0.37,8.9,NA,56.84,84.86,"52.45",155.73,-3.44,733.65
38918,2008,3,20,"Bulk","TF","YP",5.98,53.35,63.07,28.8,48.34,40.42,1.11,4.27,NA,56.21,75.97,"40.79",99.74,5.6,561.64
38919,2008,3,20,"Bulk","SF","BE",4.4,82.26,51.33,19.75,66.24,49.9,1.11,11.39,NA,56.77,116.58,"85.84",174.8,6.7,943.98
38920,2008,3,20,"Bulk","SF","YP",5.43,8.12,40.02,88.05,140.41,103.29,2.22,3.2,NA,65.39,133.74,"34.78",87.03,44.14,1997.81
38921,2008,3,20,"Bulk","LL","LL",5.97,34.35,45.24,105.33,98.21,97.8,5.56,41.65,NA,57.63,91.69,"48.63",113.02,30.04,1944.59
38922,2008,3,20,"Bulk","LL","LL",5.91,32.89,42.19,195.02,136.31,142.71,5.56,16.38,NA,69.77,178.88,"78.72",143.21,31.6,2222.11
40296,2008,4,3,"Bulk","BP","Bulk",7.07,410.91,380.6,115.61,37.98,144.71,0,15.84,NA,363.65,183.6,"62.57",565.24,91.76,407.56
40297,2008,4,3,"Bulk","TF","Be",6.83,454.65,397.56,103.68,114.83,138.22,1.11,22.07,NA,492.92,310.53,"175.94",654.97,24.38,1043.14
40298,2008,4,3,"Bulk","TF","Yp",6.83,229.38,366.24,94.63,51.66,116.77,0.74,13.53,NA,393.06,170.95,"98.95",362.57,34.24,681.48
40299,2008,4,3,"Bulk","SF","Be",4.54,515.21,224.01,39.5,134.78,98.3,2.59,45.92,NA,443.89,471.29,"229.55",1094.83,350.07,2086.73
40300,2008,4,3,"Bulk","SF","Yp",5.39,125.66,165.72,278.96,269.05,336.33,5.56,6.41,NA,498.12,253.33,"105.23",377.52,146.63,3541.08
40301,2008,4,3,"Bulk","LL","LL",5.41,217,206.61,364.54,167.77,330.34,10.38,82.59,NA,521.56,321.83,"141.59",432.03,73.44,3464.91
40302,2008,4,3,"Bulk","LL","LL",5.79,12.45,235.32,432.83,181.07,331.84,12.6,26.7,NA,506.41,287.44,"35.46",130.35,82.44,3987.787656
40303,2008,4,7,"Bulk","BP","Bulk",6.88,314.22,79.16,27.16,34.27,27.45,0,12.1,NA,13.86,84.74,"15.37",628.01,298.42,382.82
40304,2008,4,7,"Bulk","TF","Be ",6.96,81.81,117.88,17.28,0,25.95,0,25.63,NA,23.7,55.57,"48.29",154.08,23.98,309.78
40305,2008,4,7,"Bulk","TF","Yp",6.85,44.57,117.66,28.39,7.29,38.67,0.93,17.09,NA,28.61,59.17,"31.47",95.67,19.63,587.96
40306,2008,4,7,"Bulk","SF","Be",4.84,703.88,225.75,37.85,119.44,98.3,3.71,46.99,NA,450.61,481.36,"233.49",1131.13,193.76,2011.99
40307,2008,4,7,"Bulk","SF","Yp",5.7,74.66,81.34,125.9,129.92,148.7,3.71,3.56,NA,170.3,148.74,"56.00",215.08,84.42,1981.97
40308,2008,4,7,"Bulk","LL","LL",5.77,116.33,106.13,151.41,67.52,138.72,5.93,48.77,NA,28.66,24.45,"16.36",242.35,109.65,2028.32
40309,2008,4,7,"Bulk","LL","LL",6.29,8.45,68.29,143.18,53.96,117.76,7.04,20.29,NA,50.12,85.15,"1.21",53.9,44.23,2365.57
40310,2008,5,17,"Bulk","BP","Bulk",5.29,35.34,31.32,9.05,0,19.96,0,2.85,NA,5.45,51.9,"38.43",97.7,23.93,167.31
40311,2008,5,17,"Bulk","TF","Be",6.11,53.75,59.59,25.51,30.69,35.43,0.37,9.61,NA,9.32,73.72,"67.58",134.84,13.51,627.37
40312,2008,5,17,"Bulk","TF","Yp",4.32,0.74,46.11,37.03,60.1,49.4,2.22,3.92,NA,10.6,64.23,"24.59",57.99,32.66,6287.37
40313,2008,5,17,"Bulk","SF","Be",5.21,64.94,13.92,10.7,36.57,13.97,0.37,19.94,NA,9.28,74.01,"65.94",175.22,44.34,652.25884
40314,2008,5,17,"Bulk","SF","Yp",5.54,9.7,23.05,41.56,59.85,53.14,1.85,3.03,NA,11.83,59.56,"31.47",98.79,57.62,1819.55
40315,2008,5,17,"Bulk","LL","LL",4.39,0.7,NA,NA,NA,NA,NA,NA,NA,27.85,80.09,"ND",31.98,31.28,NA
40316,2008,5,17,"Bulk","LL","LL",4.75,0.57,NA,NA,NA,NA,NA,NA,NA,25.24,72.25,"ND",32.02,31.46,NA
40317,2008,6,5,"Bulk","BP","BP",6.49,5.39,37.84,8.23,138.62,13.97,0.74,12.46,NA,3.08,14.47,"10.30",27.1,11.41,203.25
40318,2008,6,5,"Bulk","TF","Be",6.16,4.45,60.9,117.67,50.13,39.42,1.11,17.09,NA,6.32,23.9,"12.22",43.13,26.46,1193.55
40319,2008,6,5,"Bulk","TF","Yp",6.4,5.47,49.59,26.33,37.08,29.94,1.11,6.05,NA,5.24,16.24,"ND",20.07,14.6,1624.45
40320,2008,6,5,"Bulk","SF","Be",6.04,76.1,5.65,2.47,32.74,6.49,0.37,21.36,NA,9.67,42.67,"40.29",180.78,64.39,1023.720555
40321,2008,6,5,"Bulk","SF","Yp",5.94,20.94,12.18,30.45,85.16,43.91,1.85,1.78,NA,7.98,45.84,"14.35",112.92,77.62,1953.2
40322,2008,6,5,"Bulk","LL","LL",5.4,48.96,14.35,196.67,167.26,213.57,9.27,82.24,NA,10.85,32.91,"108.88",270.27,112.42,4333.671899
40323,2008,6,5,"Bulk","LL","LL",4.64,0.89,15.66,191.73,444.24,197.6,11.86,39.16,NA,25.23,27.2,"1.46",97.79,95.44,NA
40719,2008,7,14,"Bulk","BP","BP",7.13,8.39,779.47,57.19,25.45,104.79,0,186.37,NA,21.17,50.09,"23.63",61.18,29.16,433.75
40720,2008,7,14,"Seq","BP","BP",8.15,5.23,819.48,50.2,22.76,125.75,0,334.64,NA,19.9,41.05,"23.52",62.63,33.89,480.33
40721,2008,7,14,"Seq","BP","BP",7.77,3.65,331.45,28.8,13.81,67.37,0,145.25,NA,9.74,20.15,"11.21",27.37,12.52,231.56
40722,2008,7,14,"Seq","BP","BP",7.69,4.13,508.91,45.26,14.58,106.79,0,272.34,NA,11.12,33.13,"15.78",37.98,18.07,316.34
40723,2008,7,14,"Bulk","TF","Be",7.19,48.41,99.61,67.48,231.45,81.34,0,5.7,NA,66.7,109.33,"75.82",195.59,71.36,2302.71
40724,2008,7,14,"Seq","TF","Be",7.13,61.83,810.35,100.39,218.41,198.1,0,198.65,NA,45.41,152.2,"94.85",269.84,113.17,2289.32
40725,2008,7,14,"Seq","TF","Be",7.22,50.71,335.36,56.78,138.87,103.79,0,98.61,NA,20.8,80.08,"47.45",143.26,45.1,1501.85
40726,2008,7,14,"Seq","TF","Be",7.28,41.72,286.21,55.96,130.94,85.33,0,18.51,NA,19.86,71.04,"40.73",126.33,43.88,1551.37
40727,2008,7,14,"Bulk","TF","Yp",7.07,57.53,53.07,79.82,159.59,108.78,0.37,9.61,NA,43,106.28,"58.09",166.48,50.86,1696.67
40728,2008,7,14,"Seq","TF","Yp",7.49,29.62,1166.37,89.28,100.77,191.37,0.19,331.44,NA,43.81,88.71,"47.16",155.98,79.19,1464.18
40729,2008,7,14,"Seq","TF","Yp",7,9.47,514.13,74.06,91.3,113.77,0,110,NA,99.05,54.85,"23.06",60.14,27.61,1173.09
40730,2008,7,14,"Bulk","SF","Be",6.8,152.12,57.42,32.92,367.26,44.41,0,79.03,NA,34.56,196.74,"92.49",281.22,36.61,2012.57
40731,2008,7,14,"Seq","SF","Be",6.6,326.64,160.5,87.23,784.9,115.77,0.74,139.2,NA,87.17,529.08,"228.22",623.54,68.68,3528.69
40732,2008,7,14,"Seq","SF","Be",6.61,190.72,75.25,60.89,438.36,75.35,0,128.16,NA,43.56,232.91,"117.66",369.46,61.08,2350.8
40733,2008,7,14,"Seq","SF","Be",6.67,79.02,21.75,15.63,235.55,28.94,0,51.62,NA,29.82,90.06,"51.34",154.16,23.8,1374.7
40734,2008,7,14,"Seq","SF","Be",6.79,86.89,33.93,18.1,329.15,25.45,0,17.44,NA,33.31,111.17,"59.90",190.14,43.36,2016.6
40735,2008,7,14,"Seq","SF","Be",6.68,53.97,17.83,7.41,158.31,13.47,0,27.77,NA,32.92,49.15,"28.48",93.6,11.15,1013.22
40736,2008,7,14,"Seq","SF","Yp",7.34,201.43,490.21,356.31,353.45,310.38,4.82,86.15,NA,53.28,253.12,"79.04",519.88,239.41,4696
40737,2008,7,14,"Bulk","LL","LL",6.74,19.78,25.88,144.42,565.08,189.62,7.41,95.41,NA,30.43,123.19,"67.16",207.78,120.85,5502.89
40738,2008,7,14,"Bulk","LL","LL",6.01,343.86,27.4,1009.67,621.98,1084.33,7.78,40.23,NA,54.76,305.99,"1788.01",2156.74,24.87,7279.26
40739,2008,7,21,"Bulk","BP","BP",6.56,126.77,13.92,26.33,97.44,21.96,0,0.71,NA,16.43,50.08,"14.73",208.78,67.28,523.44
40740,2008,7,21,"Seq","BP","BP",7.57,250.46,711.61,90.52,99.49,94.81,0,124.24,NA,37.04,100.04,"27.18",329.46,51.82,683.6
40741,2008,7,21,"Seq","BP","BP",7.5,6.32,70.9,20.57,7.93,34.43,0,11.04,NA,7.85,24.26,"9.53",29.86,14.01,178.38
40742,2008,7,21,"Seq","BP","BP",7.35,25.06,230.1,37.03,27.11,47.41,0,28.84,NA,11.97,39.64,"12.31",67.3,29.93,268.07
40743,2008,7,21,"Seq","BP","BP",7.42,40.92,305.35,45.26,31.2,57.39,0,39.16,NA,17.23,42.45,"13.28",84.01,29.82,278.85
40744,2008,7,21,"Seq","BP","BP",7.32,9.34,203.13,45.26,22.51,64.37,0,34.18,NA,11.92,48.25,"13.77",64.88,41.77,264.76
40745,2008,7,21,"Seq","BP","BP",7.4,32.52,207.48,44.44,24.3,68.86,0,31.33,NA,12.13,50.08,"58.78",74.03,-17.27,212.04
40746,2008,7,21,"Seq","BP","BP",7.45,14.08,197.48,45.67,22.89,67.61,0,32.75,NA,12.04,51.93,"14.57",68.14,39.49,204.39
40747,2008,7,21,"Seq","BP","BP",7.39,24.71,154.85,32.92,20.97,47.41,0,24.21,NA,8.45,12,"7.31",64.69,32.67,284.38
40748,2008,7,21,"Bulk","TF","Be",6.88,49.83,27.4,26.33,68.54,42.42,0,4.63,NA,20.47,71.35,"32.89",87.41,4.69,614.97
40749,2008,7,21,"Seq","TF","Be",7.07,51.96,569.81,128.37,202.04,241.02,0,170.88,NA,64.52,177.52,"111.80",222.74,58.98,1549.82
40750,2008,7,21,"Seq","TF","Be",6.96,49.69,72.21,63.36,119.44,95.81,0,23.14,NA,42.22,105.79,"60.85",126.46,15.92,1169.28
40751,2008,7,21,"Seq","TF","Be",6.96,12.55,107.44,48.55,80.31,75.85,0,32.04,NA,22.38,73.6,"42.07",75.32,20.7,946.31
40752,2008,7,21,"Seq","TF","Be",7.12,24.1,85.69,35.38,65.47,58.88,0,24.92,NA,21.85,62.92,"31.01",60.2,5.1,639.53
40753,2008,7,21,"Seq","TF","Be",7.12,13.94,39.58,24.69,41.94,38.92,0,11.04,NA,18.97,50.26,"20.96",39.21,4.31,575.04
40754,2008,7,21,"Seq","TF","Be",6.98,16.67,40.45,27.98,41.69,48.4,0,10.68,NA,9.54,62.11,"20.99",37.71,0.05,531.52
40755,2008,7,21,"Seq","TF","Be",6.82,18.77,46.32,30.45,39.9,49.65,0,12.99,NA,5.6,20.82,"10.22",44.08,15.09,611.99
40756,2008,7,21,"Seq","TF","Be",6.81,18.99,29.58,22.22,39.39,37.92,0,8.9,NA,21.52,52,"20.94",41.29,1.36,631.73
40757,2008,7,21,"Bulk","TF","Yp",6.48,24.58,19.14,26.33,59.33,41.42,0,1.42,NA,19.7,59.3,"27.50",62.76,10.68,674.23
40758,2008,7,21,"Seq","TF","Yp",7.37,42.68,944.32,135.78,146.8,295.91,1.11,196.51,NA,40.8,155.62,"122.53",272.68,107.48,1431.93
40759,2008,7,21,"Seq","TF","Yp",6.2,12.31,62.2,64.18,70.33,90.32,0,17.44,NA,22.19,69.13,"32.66",74.99,30.02,777.51
40760,2008,7,21,"Seq","TF","Yp",6.73,6.55,80.03,46.08,54.22,61.38,0,20.65,NA,20.56,56.42,"25.26",42.78,10.97,710.64
40761,2008,7,21,"Seq","TF","Yp",6.82,8.87,63.07,45.26,55.75,69.86,0,15.66,NA,22.02,57.37,"23.40",43.65,11.39,708.32
40762,2008,7,21,"Seq","TF","Yp",6.69,7.4,54.37,38.68,52.43,54.39,0,13.88,NA,21.48,56.1,"22.50",36.29,6.39,684.64
40763,2008,7,21,"Seq","TF","Yp",6.77,9.73,70.9,45.26,54.22,66.87,0,17.8,NA,11.69,17.72,"10.15",45.39,25.52,675.63
40764,2008,7,21,"Seq","TF","Yp",6.55,8.22,65.46,40.32,46.29,54.14,0,17.27,NA,39.9,57.3,"22.80",40.43,9.4,627.38
40765,2008,7,21,"Seq","TF","Yp",6.6,6.39,16.53,23.86,28.9,42.91,0,6.05,NA,16.48,36.2,"14.58",24.2,3.23,547.81
40766,2008,7,21,"Bulk","SF","Be",6.11,36.38,10.44,18.93,87.72,25.45,0,18.87,NA,12.66,69.18,"29.91",83.15,16.87,658.84
40767,2008,7,21,"Seq","SF","Be",6.35,35.41,14.35,22.22,65.22,31.94,0,38.8,NA,15.18,55.8,"25.71",82.12,20.99,724.27
40768,2008,7,21,"Seq","SF","Be",6.2,40.93,8.7,17.28,105.88,20.46,0,4.98,NA,13.32,26.26,"13.76",83.54,28.86,599.69
40769,2008,7,21,"Bulk","SF","Yp",5.89,60.33,46.11,166.22,442.96,155.19,5.93,5.7,NA,39.64,289.51,"63.42",248.08,124.32,852.61
40770,2008,7,21,"Seq","SF","Yp",6.58,110.34,114.83,139.89,427.61,136.73,3.34,28.12,NA,46.46,243.69,"83.40",271.18,77.45,492.53
40771,2008,7,21,"Seq","SF","Yp",6.3,26.92,33.93,139.07,418.92,126.25,5.19,3.2,NA,47.19,285.5,"63.73",227.22,136.57,658.42
40772,2008,7,21,"Seq","SF","Yp",6.05,48.48,30.88,142.36,405.11,134.23,5.56,4.27,NA,33.55,272.52,"57.56",228.96,122.92,4784.72
40773,2008,7,21,"Seq","SF","Yp",5.75,46.99,41.32,166.22,433.5,152.2,6.3,7.12,NA,25.1,150.15,"32.73",242.66,162.93,5723.38
40774,2008,7,21,"Seq","SF","Yp",5.77,57.62,34.8,171.98,445.52,158.18,7.04,5.7,NA,40.53,304.28,"63.07",267.55,146.86,5549.62
40775,2008,7,21,"Seq","SF","Yp",5.85,57.7,39.15,172.8,448.33,163.67,6.67,5.7,NA,44.47,305.09,"63.99",260.02,138.33,5606.04
40776,2008,7,21,"Bulk","LL","LL",6.23,208.09,19.57,371.94,375.7,429.64,4.45,58.74,NA,69.79,233.23,"640.45",860.75,12.21,3974.52
40777,2008,7,21,"Bulk","LL","LL",6.77,4.13,26.53,148.94,444.75,157.19,4.45,23.85,NA,59.59,168.83,"92.57",218.03,121.33,4074.19
41123,2008,7,10,"Bulk","BP","BP",7.37,8.2,120.92,17.69,13.55,37.92,0,20.47,NA,12.26,44.47,"21.57",48.41,18.64,152.52
41124,2008,7,10,"Bulk","TF","Be",5.76,197.51,17.83,664.89,503.57,739.02,9.27,126.38,NA,28.52,234.5,"1214.84",1531.35,119,4644.41
41125,2008,7,10,"Bulk","TF","Yp",6.47,87.91,137.89,78.17,132.48,131.24,1.85,0.71,NA,26.73,175.6,"88.30",250.88,74.67,1155.27
41126,2008,7,10,"Bulk","SF","Be",6.06,343.11,17.83,28.8,464.95,53.39,1.85,13.88,NA,39.18,348.77,"162.08",611.27,106.08,3016.3
41127,2008,7,10,"Bulk","SF","Yp",6.11,62.21,51.76,390.87,992.05,487.52,8.15,6.05,NA,97.22,678.7,"317.73",580.42,200.49,6289.86
41128,2008,7,10,"Bulk","LL","LL",6.62,74.99,247.06,84.76,192.84,151.2,1.48,10.68,NA,33.19,196.06,"104.53",228.03,48.51,1557.81
41129,2008,7,10,"Bulk","LL","LL",6.74,15.41,17.83,138.24,630.94,156.69,6.3,74.4,NA,29.21,216.48,"76.34",195.05,103.31,3788.6
41130,2008,7,24,"Bulk","BP","BP",6.84,11.07,3.91,16.46,60.36,28.94,0,0,NA,8.5,45.34,"25.69",71.22,34.46,239.67
41131,2008,7,24,"Seq","BP","BP",7.55,12.84,748.58,120.96,18.93,255.99,0,665.01,NA,6.77,58.62,"27.98",74.01,33.18,399.43
41132,2008,7,24,"Seq","BP","BP",7.61,18.62,489.99,143.18,19.95,228.04,0,857.6,NA,8.96,73.18,"37.86",79.49,23.01,372.65
41133,2008,7,24,"Seq","BP","BP",6.83,35.07,147.02,91.34,9.97,130.74,0,247.06,NA,7.16,67.78,"34.78",88.64,18.79,298.46
41134,2008,7,24,"Seq","BP","BP",7,21.29,159.2,71.59,5.12,111.78,0,187.61,NA,5.82,54.39,"24.01",58.18,12.89,297.51
41135,2008,7,24,"Seq","BP","BP",7.01,17.68,124.4,60.07,2.81,91.82,0,153.44,NA,5.03,46.22,"19.67",53.44,16.09,273.26
41136,2008,7,24,"Bulk","TF","Be",6.95,50.08,15.66,23.86,98.72,38.42,0,10.68,NA,15.49,68.25,"42.47",116.16,23.61,554.53
41137,2008,7,24,"Seq","TF","Be",6.92,81.4,298.39,143.18,209.46,165.17,0.74,267.36,NA,30.69,120.03,"68.12",196.42,46.9,1260.33
41138,2008,7,24,"Seq","TF","Be",7.04,71.35,153.11,114.38,203.83,140.22,0,191.17,NA,22.85,144.38,"80.09",193.76,42.32,1234.09
41139,2008,7,24,"Seq","TF","Be",6.74,34.14,10,38.68,95.14,47.41,0,5.34,NA,9.34,78.33,"38.63",87.34,14.57,657.31
41140,2008,7,24,"Seq","TF","Be",6.79,31.57,16.53,27.98,54.47,37.43,0,12.46,NA,7.49,56.64,"24.26",69.87,14.04,450.49
41141,2008,7,24,"Seq","TF","Be",7.01,24.75,6.31,19.75,37.08,27.69,0,0.36,NA,5.96,44.36,"18.00",48.77,6.02,391.68
41142,2008,7,24,"Bulk","TF","Yp",6.51,26.06,9.57,31.27,79.54,45.41,0.74,0,NA,10.45,62.63,"31.12",77.36,20.18,1025.41
41143,2008,7,24,"Seq","TF","Yp",7.48,19.91,451.06,142.36,84.91,211.08,0.37,437.52,NA,14.72,72.39,"50.58",134.49,64,1023.41
41144,2008,7,24,"Seq","TF","Yp",7.37,32.12,328.4,149.76,95.65,191.12,0,584.55,NA,13.89,100.54,"58.62",136.01,45.27,1405.3
41145,2008,7,24,"Seq","TF","Yp",7.29,15.27,63.07,51.02,50.89,72.85,0,42.01,NA,6.97,58.06,"26.38",73.52,31.87,664.86
41146,2008,7,24,"Bulk","SF","Be",6.64,112.77,12.61,32.92,297.18,43.41,0,97.9,NA,22.21,165.23,"109.07",249.56,27.71,1228.66
41147,2008,7,24,"Bulk","SF","Yp",6.52,70.15,43.93,148.12,452.93,136.73,5.93,13.53,NA,16.78,254.41,"44.15",229.34,115.04,4323.97
41148,2008,7,24,"Bulk","LL","LL",6.03,84.08,4.78,523.35,313.81,651.69,15.57,186.19,NA,19.69,141.35,"608.19",858.38,166.11,6605.18
41149,2008,7,24,"Bulk","LL","LL",6.69,4.56,10.44,108.62,222.76,119.76,4.82,40.23,NA,9.54,61.91,"12.21",104.06,87.29,3406.93
41150,2008,8,10,"Bulk","BP","BP",7.11,35.16,27.84,71.59,408.94,69.61,0.93,0,NA,22.87,96.08,"27.35",137.46,74.95,1078.01
41151,2008,8,10,"Seq","BP","BP",7.57,36.34,2285.33,77.35,179.03,193.61,0,589.54,NA,34.92,160.95,"20.38",136.19,79.47,1400.48
41152,2008,8,10,"Seq","BP","BP",7.54,11.59,729.01,125.9,170.33,186.13,0,535.78,NA,24.95,126.39,"22.86",85.56,51.11,524.85
41153,2008,8,10,"Seq","BP","BP",6.71,6.7,226.18,55.96,65.98,75.85,0,75.47,NA,14.13,81.69,"22.39",55.1,26.01,617.32
41154,2008,8,10,"Seq","BP","BP",6.7,9.37,84.38,37.85,52.43,40.42,0,28.12,NA,8.88,45.77,"13.57",43.38,20.44,534.42
41155,2008,8,10,"Bulk","TF","Be",6.48,105.31,49.59,48.55,167.26,84.83,0,0,NA,27.94,182.18,"93.35",216.53,17.87,875.14
41156,2008,8,10,"Seq","TF","Be",6.99,51.66,146.58,51.84,107.67,91.32,0,32.04,NA,19.91,131.38,"50.05",140.84,39.14,726.67
41157,2008,8,10,"Seq","TF","Be",6.88,7.02,33.93,25.51,50.89,46.41,0,0,NA,8.72,61.2,"23.25",55.62,25.35,546.67
41158,2008,8,10,"Seq","TF","Be",6.81,1.82,25.66,13.99,21.23,25.45,0,0,NA,5.48,43.04,"13.24",31.12,16.05,392.37
41159,2008,8,10,"Bulk","TF","Yp",6.83,87.33,35.45,51.02,105.37,88.07,0.37,0,NA,23.24,139.11,"61.95",165.47,16.19,766.37
41160,2008,8,10,"Seq","TF","Yp",7.9,70.09,1362.76,228.76,180.05,421.66,0,443.93,NA,30.17,217.98,"110.09",283.55,103.37,1651.77
41161,2008,8,10,"Seq","TF","Yp",7.36,51.65,39.15,83.93,73.14,116.27,0,13.88,NA,19.99,127.3,"54.28",133.21,27.29,871.23
41162,2008,8,10,"Bulk","SF","Be",7.33,516.88,149.63,246.86,780.55,283.93,0,73.34,NA,55.6,987.13,"261.17",878.6,100.56,1826.06
41163,2008,8,10,"Seq","SF","Be",7.21,726.51,244.45,378.52,1159.06,432.63,2.22,101.46,NA,76.94,1495.36,"382.28",1228.59,119.8,2622.57
41164,2008,8,10,"Seq","SF","Be",7.33,180.38,14.35,58.42,237.34,73.35,0,29.9,NA,26.3,257.93,"90.30",285.52,14.84,872.42
41165,2008,8,10,"Bulk","SF","Yp",7.07,44.36,61.33,304.47,1060.08,167.17,4.82,4.27,NA,40.11,368.57,"88.68",245.63,112.58,4604.99
41166,2008,8,10,"Seq","SF","Yp",7.21,19.5,66.55,246.04,928.63,107.78,1.85,12.82,NA,27.09,207.12,"52.23",140.92,69.19,2925.35
41167,2008,8,10,"Seq","SF","Yp",7.5,10.08,55.68,268.26,1013.03,114.27,2.59,4.27,NA,23.31,224.84,"56.47",150.68,84.14,3066.8
41168,2008,8,10,"Bulk","LL","LL",7.05,166.02,22.4,341.5,501.91,314.12,5.93,38.45,NA,77.49,382.13,"251.65",507.9,90.23,3967.04
41169,2008,8,10,"Bulk","LL","LL",6.7,200.72,13.05,402.39,392.32,481.04,6.3,50.2,NA,54.06,349.89,"526.65",839.27,111.91,3422.14
41170,2008,9,8,"Bulk","BP","BP",7.51,2.17,623.31,90.52,36.32,110.28,0,390.18,NA,46.24,22.37,"4.40",31.51,24.94,404.95
41171,2008,9,8,"Seq","BP","BP",7.44,0.45,14.35,21.39,4.86,40.92,0,58.74,NA,5.64,7.54,"4.37",9.97,5.15,134.66
41172,2008,9,8,"Seq","BP","BP",7.93,0.48,1730.31,123.43,62.15,152.69,0,799.93,NA,60.45,35.26,"ND",35.76,35.28,530.13
41173,2008,9,8,"Seq","BP","BP",6.91,0.55,782.08,158.82,50.38,168.16,0,586.33,NA,78.23,29.26,"ND",24.18,23.63,549.78
41174,2008,9,10,"Seq","BP","BP",7.03,0.44,94.82,28.8,8.44,78.84,0,101.1,NA,8.43,55.31,"11.50",19.56,7.62,177.63
41175,2008,9,8,"Seq","BP","BP",7.35,-0.33,332.75,75.7,22.25,98.3,0,259.88,NA,26.76,17.03,"ND",21.52,21.85,437.39
41176,2008,9,8,"Bulk","TF","Be",7.36,26.84,90.47,33.74,81.07,53.39,0,55.18,NA,34.52,53.12,"28.57",69.54,14.13,497.58
41177,2008,9,8,"Seq","TF","Be",7.28,32.06,45.45,24.27,54.47,35.18,0.37,30.97,NA,14.1,17.77,"9.31",63.1,21.73,387.5
41178,2008,9,8,"Seq","TF","Be",7.04,25.11,99.17,42.79,150.64,61.38,0.74,53.04,NA,96.87,73.36,"33.97",90.25,31.17,1042.77
41179,2008,9,8,"Seq","TF","Be",7.06,2.05,87.86,21.39,75.45,31.44,0.37,43.79,NA,40.3,38.26,"7.89",28.03,18.09,560.93
41180,2008,9,8,"Seq","TF","Be",6.38,2.15,23.49,11.52,34.53,17.47,1.11,8.54,NA,30.68,20.28,"ND",17.12,14.97,386.39
41181,2008,9,8,"Seq","TF","Be",6.56,4.19,23.49,10.7,35.81,14.47,0.74,4.63,NA,32.47,20.81,"4.58",19.48,10.71,345.47
41182,2008,9,8,"Seq","TF","Be",6.34,0.46,20.44,9.05,32.99,13.97,0.37,4.98,NA,27.76,22.56,"ND",27.98,27.52,417.65
41183,2008,9,8,"Seq","TF","Be",6.25,0.41,22.62,9.05,31.71,12.97,0.37,5.34,NA,30.32,20.33,"6.37",15.87,9.09,334.77
41184,2008,9,8,"Bulk","TF","Yp",6.7,1.61,44.8,37.03,90.54,38.92,1.11,30.62,NA,33.72,26.22,"7.06",33.29,24.62,589.06
41185,2008,9,8,"Seq","TF","Yp",7.93,6.3,13.48,17.28,32.48,19.46,0.74,5.34,NA,6.93,7.22,"4.66",45.36,34.4,331.57
41186,2008,9,8,"Seq","TF","Yp",7.07,1.99,147.45,126.72,219.95,159.93,3.71,196.16,NA,50.91,45.83,"6.23",35.27,27.05,1191.11
41187,2008,9,8,"Seq","TF","Yp",7.6,2.55,35.23,31.27,82.35,31.94,1.11,7.48,NA,34.7,27.69,"7.34",26.8,16.91,652.65
41188,2008,9,8,"Seq","TF","Yp",7.27,17.07,214.44,22.22,59.33,30.94,0.37,77.96,NA,14.75,69.57,"21.99",54.67,15.6,482.97
41189,2008,9,8,"Seq","TF","Yp",6.98,2.32,28.27,21.39,75.7,24.45,1.11,4.98,NA,36.33,24.46,"7.88",33.76,23.55,494.19
41190,2008,9,8,"Seq","TF","Yp",7.31,1.16,27.84,21.39,72.12,22.46,0.74,4.63,NA,34.48,25.07,"7.79",20.72,11.77,578.47
41191,2008,9,8,"Seq","TF","Yp",6.74,2.05,26.1,19.75,75.19,23.45,1.11,4.27,NA,36.05,25.2,"8.24",22.67,12.38,627.96
41192,2008,9,8,"Seq","TF","Yp",6.35,2.39,27.84,18.93,72.38,21.96,0.74,4.27,NA,35.34,25.61,"8.08",24.46,13.99,591.39
41193,2008,9,8,"Bulk","SF","Be",7.25,75.18,39.58,11.52,179.54,20.46,1.11,95.41,NA,49.99,73.82,"36.13",149.42,38.11,836.92
41194,2008,9,8,"Seq","SF","Be",6.81,57.49,23.05,7.41,109.72,12.48,0.74,24.56,NA,39.23,31.63,"10.28",108.7,40.93,363.49
41195,2008,9,8,"Seq","SF","Be",6.44,240.63,56.55,31.27,500.76,49.9,2.22,312.57,NA,129.46,245.05,"128.28",485.21,116.3,2817.14
41196,2008,9,8,"Seq","SF","Be",6.79,10.01,11.31,2.47,50.64,3.99,0.37,11.04,NA,14.41,9.91,"6.27",52.98,36.7,218.06
41197,2008,9,8,"Bulk","SF","Yp",6,44.01,55.24,392.51,766.74,325.85,13.71,18.16,NA,66.74,569.43,"20.47",269.55,205.07,10473.58
41198,2008,9,8,"Seq","SF","Yp",6.6,17.76,23.71,141.95,404.6,118.26,5.74,16.02,NA,24.65,177.46,"16.39",145.41,111.26,4892.69
41199,2008,9,8,"Seq","SF","Yp",6.03,68.32,65.25,580.13,1013.03,470.56,18.9,25.28,NA,88.18,791.31,"17.44",339.46,253.7,6614.44
41200,2008,9,8,"Seq","SF","Yp",5.62,39.45,47.85,436.13,902.54,371.76,17.05,18.16,NA,71.07,655.96,"29.70",324.64,255.49,6325.61
41201,2008,9,8,"Bulk","LL","LL",5.87,61.11,8.26,310.23,171.35,419.66,10.75,90.07,NA,30.23,100.67,"439.90",571.65,70.64,3107.99
41202,2008,9,8,"Bulk","LL","LL",6.92,15.34,11.74,117.67,170.59,116.27,4.08,40.94,NA,36.15,69.88,"40.75",118.97,62.88,2016.47
41203,2008,9,15,"Bulk","BP","BP",6.92,19.27,281.43,26.33,8.18,49.9,0,81.52,NA,43.97,44.9,"19.90",72.19,33.02,226.51
41204,2008,9,15,"Seq","BP","BP",7.9,2.86,907.78,98.75,13.55,255.49,0,857.6,NA,52.6,55.66,"ND",27.78,24.92,294.11
41205,2008,9,15,"Seq","BP","BP",7.66,0.99,75.68,37.85,1.02,66.37,0,176.93,NA,12.59,22.29,"ND",10.04,9.06,150.54
41206,2008,9,15,"Seq","BP","BP",7.52,0.65,133.97,68.3,3.58,116.27,0,269.49,NA,20.16,44.73,"ND",18.26,17.61,366.18
41207,2008,9,15,"Bulk","TF","Be",7.54,2.64,408.65,34.15,132.99,72.36,0.37,109.11,NA,52.25,71.56,"89.42",142.01,49.95,810.69
41208,2008,9,15,"Seq","TF","Be",7.43,26.43,475.42,88.87,105.88,125.75,0,448.92,NA,39.22,87.8,"43.07",95.07,25.57,756.78
41209,2008,9,15,"Seq","TF","Be",6.77,7.12,49.15,19.75,65.47,30.94,0.37,22.43,NA,39.71,30.78,"10.31",32.05,14.62,625.4
41210,2008,9,15,"Bulk","TF","Yp",7.19,2.81,274.47,54.31,94.12,87.82,1.48,59.1,NA,41.28,56.33,"30.91",59.01,25.29,871.01
41211,2008,9,15,"Seq","TF","Yp",7.12,4.3,125.27,43.61,89.77,47.9,0.74,61.94,NA,46.55,58.41,"24.86",59.51,30.35,596.07
41212,2008,9,15,"Seq","TF","Yp",7.03,6.53,19.57,25.51,43.22,28.44,0.37,6.05,NA,15.93,26.2,"10.58",38.2,21.09,389.79
41213,2008,9,15,"Bulk","SF","Be",7,103.49,21.75,20.57,287.97,41.42,1.11,112.85,NA,34.26,99.57,"60.93",196.86,32.44,1023.02
41214,2008,9,15,"Bulk","LL","LL",6.25,35.75,17.4,247.69,137.34,365.27,12.23,97.9,NA,31.59,73.67,"247.11",360.54,77.67,3734.6
41215,2008,9,15,"Bulk","LL","LL",6.86,44.92,25.66,215.59,171.35,221.56,7.41,109.65,NA,57.24,84.2,"49.62",183.76,89.22,3622.44
41216,2008,9,29,"Bulk","BP","BP",7.33,4.38,187.91,50.61,13.68,69.86,0.19,164.12,NA,53.42,36.88,"12.76",69.14,52,164.03
41217,2008,9,29,"Seq","BP","BP",9.35,2.36,2459.32,133.31,42.45,375.25,0.37,1328.95,NA,93.05,36.88,"4.40",45.97,39.21,600.22
41218,2008,9,29,"Seq","BP","BP",8.19,0.54,247.06,130.02,12.28,161.68,0,393.38,NA,40.54,29.35,"ND",11.9,11.36,308.59
41219,2008,9,29,"Seq","BP","BP",8.36,0.62,331.45,68.3,10.49,133.23,0,519.05,NA,13.4,42.38,"11.68",20.04,7.74,105.5
41220,2008,9,29,"Bulk","TF","Be",7.88,44.04,154.41,63.36,181.33,81.84,0.37,73.69,NA,78.42,95.15,"46.39",132.88,42.46,74.85
41221,2008,9,29,"Seq","TF","Be",7.68,105.18,1004.35,168.69,280.3,287.42,0.74,545.39,NA,178.69,200.4,"67.71",244.69,71.8,1482.94
41222,2008,9,29,"Seq","TF","Be",7.14,10.4,267.94,99.57,118.41,145.21,0.37,208.62,NA,62.19,61.91,"10.28",49.32,28.64,798.92
41223,2008,9,29,"Bulk","TF","Yp",7.12,5.6,136.15,90.52,143.99,119.76,1.48,43.43,NA,64.79,72.11,"29.96",65.1,29.53,903.03
41224,2008,9,29,"Seq","TF","Yp",7.63,57.96,1168.33,186.79,228.13,287.42,1.85,391.24,NA,174.69,141.79,"5.74",125.34,61.63,1477.92
41225,2008,9,29,"Seq","TF","Yp",7.66,8,218.35,119.32,143.99,156.69,1.11,207.19,NA,52.11,51.26,"21.33",73.64,44.31,1033.13
41226,2008,9,29,"Bulk","SF","Be",6.61,151.56,35.23,31.27,369.3,42.91,1.11,152.72,NA,63.41,205.07,"105.92",271.53,14.05,1805.72
41227,2008,9,29,"Bulk","SF","Yp",6.02,23.56,99.61,239.46,615.08,243.51,12.23,27.77,NA,30.09,305.14,"16.07",245.58,205.96,9590.62
41228,2008,9,29,"Bulk","LL","LL",6.65,93.71,142.24,486.32,368.28,662.67,12.23,151.3,NA,344.93,294.14,"333.60",520.12,92.81,NA
41229,2008,9,29,"Bulk","LL","LL",6.86,8.36,78.29,543.1,556.51,494.01,13.34,176.93,NA,243.54,318.78,"213.58",370.53,148.58,6577.21
42133,2009,1,8,"Bulk","BP","BP",6.71,3.39,25.23,23.04,53.84,17.47,0.37,9.26,NA,16.01,24.02,"10.19",22.85,9.27,76.47
42134,2009,1,8,"Bulk","TF","Be",6.36,101.71,26.1,17.28,46.04,15.97,0,1.78,NA,31.88,91.8,"41.60",161.73,18.42,98.65
42135,2009,1,8,"Bulk","TF","Yp",6.12,34.67,27.84,23.04,67.26,26.95,0.37,2.49,NA,33.35,81.54,"30.53",80.07,14.88,246.64
42136,2009,1,8,"Bulk","SF","Be",5.65,179.14,31.32,92.16,134.78,110.28,0.37,12.82,NA,48.17,433.74,"91.82",318.44,47.48,234.7
42137,2009,1,8,"Bulk","SF","Yp",5.59,25.91,20.88,107.8,386.69,80.34,2.96,1.42,NA,63.03,397.84,"26.41",101.43,49.11,1146.01
42138,2009,1,8,"Bulk","LL","LL",6.26,23.5,14.35,44.44,145.27,57.88,4.45,26.34,NA,16.75,57.71,"68.78",125.67,33.39,638.15
42139,2009,1,8,"Bulk","LL","LL",6.56,3.24,15.22,49.37,127.36,37.43,0.74,14.24,NA,42.8,63.75,"16.24",41.79,22.32,443.36
42140,2008,7,21,"Seq","SF","Yp",5.85,74.84,46.54,268.26,573.39,238.02,10.01,6.76,NA,6.53,68.79,"13.21",328.89,240.84,1306.93
42141,2008,7,21,"Seq","SF","Yp",5.94,50.16,31.32,128.37,383.63,112.28,7.41,4.27,NA,31.5,264.82,"53.02",191.64,88.46,603.08
42142,2008,9,8,"Seq","BP","BP",6.88,0,200.74,84.35,23.27,94.81,0,230.69,NA,39.82,15.78,"n.a.",22.18,22.18,210.25
42143,2008,12,2,"Bulk","BP","BP",6.18,8.85,0.87,9.05,0,16.47,0,0.71,NA,2.3,4.03,"4.24",37.13,24.04,65.66
42144,2008,12,2,"Seq","BP","BP",6.24,0,42.19,62.54,0,12.48,0,48.06,NA,12.91,39.91,"23.41",33.96,10.55,132.72
42145,2008,12,2,"Seq","BP","BP",6.33,0,23.92,28.8,0,21.46,0,25.99,NA,7.72,23.94,"14.05",23.24,9.19,90.62
42146,2008,12,2,"Bulk","TF","Yp",6.31,1.26,20.88,23.04,54.47,24.95,0.74,8.9,NA,12.82,59.9,"17.33",30.69,12.1,203.34
42147,2008,12,2,"Seq","TF","Yp",6.39,42.28,14.35,49.37,123.27,34.93,1.11,3.2,NA,20.61,66.26,"52.84",103.82,8.7,245.23
42148,2008,12,2,"Seq","TF","Yp",6.37,16.73,3.91,41.14,58.57,27.94,0.74,0,NA,10.99,51.48,"17.02",42.66,8.91,190.18
42149,2008,12,2,"Seq","TF","Yp",6.48,10.63,5.65,44.44,43.48,30.44,0.74,0,NA,10.62,42.93,"7.29",96.78,78.86,224.14
42150,2008,12,2,"Bulk","TF","Be",6.29,51.76,0.87,18.93,53.71,22.46,0.37,1.78,NA,12.19,81.01,"38.12",100.45,10.57,135.11
42151,2008,12,2,"Seq","TF","Be",6.34,120.24,15.22,34.97,124.55,26.45,0.37,6.41,NA,30.81,140.02,"105.55",227.05,1.26,192.86
42152,2008,12,2,"Seq","TF","Be",6.53,17.68,2.61,19.75,59.33,15.47,0.37,2.14,NA,10.82,45.93,"11.72",30.31,0.91,147.48
42153,2008,12,2,"Bulk","SF","Be",5.93,125.69,13.05,78.17,367,75.35,1.11,28.84,NA,37.14,400.27,"164.03",315.43,25.71,403.41
42154,2008,12,2,"Bulk","SF","Yp",5.92,18.71,10.44,82.29,353.45,70.36,4.82,1.42,NA,39.61,251.7,"10.89",109.75,80.15,450.6
42155,2008,12,2,"Bulk","LL","LL",6.4,5.99,2.61,67.48,249.36,103.79,10.01,56.6,NA,18.99,78.17,"47.45",82.28,28.84,349.18
42156,2008,12,2,"Bulk","LL","LL",6.79,1.6,6.52,111.09,489.25,99.3,7.04,72.98,NA,46.59,179.46,"34.20",46.95,11.15,348.27
42157,2008,7,24,"Seq","TF","Yp",6.59,16.97,21.31,37.03,24.3,50.4,0.74,21.36,NA,3,12.09,"7.02",52.99,29,275.44
42158,2008,7,24,"Seq","TF","Yp",6.88,12.56,45.67,41.14,24.3,57.88,1.11,39.87,NA,6.61,53.67,"22.79",49.2,13.85,283.89
42159,2008,7,24,"Seq","TF","Yp",6.89,11.67,103.52,43.61,27.37,66.87,0.74,70.84,NA,5.51,32.79,"14.95",49.2,22.58,311.78
42160,2008,7,24,"Seq","SF","Yp",6.98,103.77,48.5,115.2,326.85,99.55,4.08,31.68,NA,9.08,102.72,"20.65",205.35,80.93,466.99
42161,2008,7,24,"Seq","SF","Yp",5.82,58.87,22.18,151.41,415.85,135.23,7.78,2.49,NA,14.63,304.19,"41.42",211.49,111.19,856.02
42162,2008,7,24,"Seq","TF","Be",6.45,22.41,0,15.63,19.44,22.95,0,6.41,NA,5.79,43.93,"17.31",42.49,2.77,172.75
42163,2008,7,24,"Seq","SF","Be",6.58,173.59,18.27,52.66,386.95,64.87,0.74,154.86,NA,32.46,278.77,"167.75",404.29,62.95,270.53
42164,2008,7,24,"Seq","SF","Be",6.19,119.76,0.43,27.98,223.27,33.93,0.74,56.6,NA,22.52,157.07,"112.07",269.74,37.91,183.47
42165,2008,7,24,"Seq","SF","Be",6.6,34.39,0,4.11,48.85,5.99,0,20.29,NA,5.52,29.41,"21.09",66.12,10.63,162.95
42166,2008,9,10,"Bulk","BP","BP",6.97,0,367.55,51.02,0.77,150.7,0,369.17,NA,8.23,52.44,"11.38",26.59,15.21,119.98
42167,2008,9,10,"Seq","BP","BP",8.38,0,840.36,79.82,8.7,270.96,0,825.56,NA,10.38,50.59,"9.96",36.02,26.06,183.56
42168,2008,9,10,"Seq","BP","BP",6.91,0,32.62,31.27,0,78.84,0,53.76,NA,10.87,51.18,"14.28",25.22,10.94,88.57
42169,2008,9,10,"Bulk","TF","Yp",6.73,4.61,31.32,51.02,63.94,52.4,1.11,15.31,NA,16.11,64.04,"19.00",42.92,19.31,227.84
42170,2008,9,10,"Seq","TF","Yp",6.95,1.22,62.2,71.59,76.73,72.85,1.48,31.68,NA,7.39,27.18,"7.11",31.08,22.75,310.87
42171,2008,9,10,"Seq","TF","Yp",6.76,12.39,4.35,32.92,41.94,35.93,0.37,3.2,NA,14.01,62.22,"19.18",48.49,16.93,151.63
42172,2008,9,10,"Seq","TF","Yp",6.98,0.11,10,48.55,56.01,49.4,1.11,7.48,NA,12.45,62.35,"16.87",29.67,12.7,322.28
42173,2008,9,10,"Bulk","TF","Be",6.52,20.15,20.88,25.51,67.26,25.95,0.37,4.98,NA,40.63,26.49,"7.89",39.83,11.79,256
42174,2008,9,10,"Seq","TF","Be",6.74,40.78,126.58,26.33,43.48,35.43,0,35.6,NA,15.57,76.9,"27.55",72.39,4.06,62.26
42175,2008,9,10,"Seq","TF","Be",6.79,36.23,134.84,13.17,38.62,19.96,0,24.92,NA,12.85,68.46,"22.28",60.22,1.72,143.91
42176,2008,9,10,"Bulk","SF","Yp",6.64,15.14,24.79,77.35,171.35,58.38,2.22,36.67,NA,6.41,28.88,"4.55",66.2,46.51,329.82
42177,2008,9,10,"Seq","SF","Yp",6.66,13.43,22.62,78.17,172.63,56.89,2.59,37.38,NA,11,66.19,"5.11",63.77,45.23,328.86
42178,2008,9,10,"Bulk","LL","LL",5.22,33.57,21.1,281.42,153.19,385.73,10.93,78.32,NA,14.27,45.85,"214.80",561.91,313.53,400.95
42179,2008,9,10,"Bulk","LL","LL",6.31,11.46,20.88,108.62,154.22,106.29,3.71,35.24,NA,13.45,27.67,"17.63",107.83,78.74,233.07
42180,2008,11,17,"Bulk","BP","BP",6.14,0,11.31,10.7,4.86,15.97,0,0.71,NA,10.19,20.12,"6.79",14.2,7.41,77.05
42181,2008,11,17,"Seq","BP","BP",6.88,0,270.55,64.18,14.32,80.34,0,283.02,NA,22.5,47.94,"16.70",28.93,12.23,128.56
42182,2008,11,17,"Seq","BP","BP",6.94,0,33.93,35.38,5.63,46.91,0,40.23,NA,9.29,21.95,"9.13",13.28,4.16,80.55
42183,2008,11,17,"Seq","BP","BP",6.71,0.7,15.66,23.04,4.86,28.44,0,27.77,NA,5.71,9.48,"n.a.",8.23,7.53,80.57
42184,2008,11,17,"Seq","BP","BP",6.44,0,23.49,31.27,6.14,35.93,0,37.02,NA,5.63,17.09,"n.a.",8.24,8.24,132.14
42185,2008,11,17,"Bulk","TF","Yp",6.4,0,15.66,43.61,206.9,41.92,1.85,3.56,NA,21.28,50.32,"n.a.",15.84,15.84,411.21
42186,2008,11,17,"Seq","TF","Yp",6.36,5.08,25.66,602.35,903.56,404.69,51.88,2.14,NA,91.53,75.04,"12.16",54.44,37.2,2447.74
42187,2008,11,17,"Seq","TF","Yp",6.59,0,22.18,161.7,706.25,132.48,8.15,2.49,NA,72.48,78.18,"n.a.",18.79,18.79,1581.69
42188,2008,11,17,"Seq","TF","Yp",6.5,0.14,18.27,251.8,580.55,167.17,16.68,19.94,NA,43.33,36.6,"6.82",29.87,22.91,715.36
42189,2008,11,17,"Bulk","TF","Be",6.81,12.93,12.18,15.63,117.9,17.96,0.74,7.48,NA,16.17,49.48,"18.19",50.07,18.95,208.67
42190,2008,11,17,"Seq","TF","Be",6.83,39.61,18.7,23.86,229.41,17.96,2.96,3.2,NA,12.06,37.64,"11.67",76.26,24.98,332.02
42191,2008,11,17,"Seq","TF","Be",6.57,38.98,11.74,16.46,142.45,12.48,1.11,0,NA,12.97,32.63,"14.11",83.54,30.45,253.8
42192,2008,11,17,"Seq","TF","Be",6.97,94.81,49.59,53.49,262.91,43.41,2.96,7.83,NA,3.42,5.64,"n.a.",126.18,31.37,405.4
42193,2008,11,17,"Bulk","SF","Yp",5.81,22.9,26.97,167.87,512.01,135.73,7.04,5.34,NA,73.31,385.69,"37.54",141.88,81.45,644.36
42194,2008,11,17,"Bulk","SF","Be",6.19,33.39,26.1,37.03,338.1,39.92,1.85,148.45,NA,13.15,142.67,"29.94",122.35,59.02,223.69
42195,2008,11,17,"Bulk","LL","LL",6.45,9.16,16.53,118.49,374.42,188.12,18.9,125.67,NA,20.09,36.91,"5.23",98.92,84.54,546.27
42196,2008,11,17,"Bulk","LL","LL",6.87,0.95,23.92,154.7,612.78,146.21,18.16,79.74,NA,20.5,44.95,"n.a.",62.34,61.39,535.65
42807,2009,5,7,"Bulk","BP","BP",6.44,11.38,84.82,10.7,4.86,18.46,0,6.76,NA,17.3,22.31,"13.81",36.15,10.96,98.26
42808,2009,5,7,"Bulk","TF","Be",6.23,7.31,25.66,22.22,33.5,25.45,0,22.07,NA,16.36,23.79,"16.76",36.22,12.15,278.85
42809,2009,5,7,"Bulk","TF","Yp",5.89,14.46,11.74,33.74,185.93,37.43,3.34,1.42,NA,6.17,48.98,"1.38",88.43,72.59,3413.39
42810,2009,5,7,"Bulk","SSF","Be",5.32,20.41,17.4,34.56,91.3,34.93,15.57,46.28,NA,17.43,80.57,"30.06",85.86,35.39,1176.42
42811,2009,5,7,"Bulk","SSF","Yp",6.3,181.09,42.63,103.68,367.77,100.8,41.88,83.66,NA,48.82,233.3,"181.22",468.29,105.97,3209.47
42812,2009,5,7,"Bulk","VSA","VSA",6.89,1.54,260.98,129.19,36.32,193.61,0,348.52,NA,105.75,187.83,"13.76",22.94,7.64,63.28
42813,2009,5,7,"Seq","SF","Be",6.64,127.72,124.84,18.1,211.51,37.43,1.11,35.24,NA,45.61,76.38,"61.82",221.09,31.54,1308.86
42814,2009,5,7,"Seq","SF","Be",5.81,27.12,14.79,9.05,166.49,16.97,0.37,35.24,NA,19.53,63.1,"43.34",104.99,34.53,1161.33
42815,2009,5,7,"Seq","SF","Be",5.88,20.46,6.52,4.11,125.83,9.48,0.37,30.97,NA,13.15,42,"18.47",69.32,30.39,987.36
42816,2009,5,7,"Seq","SF","Be",6.08,1.69,6.96,2.47,74.17,4.49,0,15.31,NA,7.49,19.65,"21.47",40.63,17.47,592.24
42817,2009,5,7,"Seq","SF","Be",6.08,3.91,1.74,0,51.92,0,0,5.34,NA,4.96,17.61,"0.32",21.34,17.11,369.26
42818,2009,5,7,"Seq","SF","Be",6.05,8.33,0.87,0,54.47,0,0,6.76,NA,5.18,21.71,"0.23",26.97,18.41,377.25
42819,2009,5,7,"Seq","SF","Be",5.96,7.65,5.22,1.65,91.05,3.99,0.74,31.68,NA,7.51,37.33,"1.70",35.33,25.98,956.56
42820,2009,5,7,"Seq","SF","Yp",6.54,46.75,224.88,59.25,219.95,73.85,4.82,5.34,NA,19.33,58.65,"8.03",147.71,92.93,4041.6
42821,2009,5,7,"Seq","SF","Yp",5.7,24.69,30.45,39.5,193.86,41.92,4.08,0.36,NA,6.11,51.2,"1.63",99.89,73.57,3521.99
42822,2009,5,7,"Seq","SF","Yp",5.44,18.98,11.31,32.09,182.09,32.93,3.34,0,NA,3.3,43.63,"0.79",90.29,70.53,3131.69
42823,2009,5,7,"Seq","SF","Yp",5.54,26.74,13.48,29.62,180.3,32.93,3.34,0,NA,8.17,46.52,"1.04",91.38,63.6,3046.81
42824,2009,5,7,"Seq","SF","Yp",6.21,5.92,11.74,23.04,63.43,23.95,1.11,2.14,NA,16.89,25.18,"9.89",33.84,18.03,729.11
42825,2009,5,7,"Seq","TF","Be",6.53,44.76,37.41,38.68,74.42,31.44,0.37,12.1,NA,14.4,40.54,"50.13",105.88,10.99,650.83
42826,2009,5,7,"Seq","TF","Be",6.19,1.63,0,9.05,31.2,6.99,0,2.14,NA,3.07,9.68,"7.94",34.42,24.85,433.13
42827,2009,5,7,"Seq","TF","Be",6.44,15.01,0,6.58,28.13,4.49,0,0.71,NA,5.31,11.68,"3.25",26.87,8.61,195.56
42828,2009,5,7,"Seq","TF","Be",6.22,13.02,7.83,14.81,39.39,12.48,0,4.63,NA,14.75,23.8,"14.76",41.23,13.45,316.88
42829,2009,5,7,"Seq","TF","Yp",6.63,1.15,62.64,48.55,66.24,40.92,1.48,38.8,NA,8.94,25.24,"10.89",31.26,19.22,1231.94
42830,2009,5,7,"Seq","TF","Yp",6.45,4.1,4.78,14.81,40.15,15.97,0.74,0.36,NA,6.57,9.06,"0.41",16.34,11.84,679.47
42831,2009,5,7,"Seq","TF","Yp",6.52,8.65,7.39,13.17,54.73,15.47,0.37,0,NA,10.82,12.83,"1.43",23.78,13.7,600.47
42832,2009,5,7,"Seq","TF","Yp",6.5,11.29,11.31,18.1,57.29,18.46,1.85,0,NA,12.9,23,"7.52",28.11,9.31,827.12
42833,2009,5,7,"Seq","LL","LL",6.55,43.73,21.31,175.27,193.35,189.12,10.01,58.74,NA,19.41,31.84,"11.24",154.19,99.23,5242.6
42834,2009,5,7,"Seq","LL","LL",6.6,11.35,14.79,125.9,165.98,136.23,6.67,61.23,NA,10.64,34.8,"12.22",97.76,74.18,3666.47
42835,2009,5,7,"Seq","LL","LL",6.73,29.29,17.83,33.74,80.82,35.93,1.85,8.9,NA,15.88,13.47,"1.06",68.39,38.04,1087.17
42836,2009,5,7,"Seq","LL","LL",6.78,7.65,87.86,44.44,102.56,46.91,2.22,13.88,NA,11.52,23.88,"0.42",40.23,32.16,1288.3
42837,2009,5,7,"Seq","LL","LL",6.45,13.7,30.88,189.26,159.59,178.14,10.38,74.05,NA,19.43,37.5,"1.71",92.55,77.14,4928.08
42838,2009,5,7,"Seq","LL","LL",6.41,15.17,26.1,143.18,136.83,129.74,6.67,54.82,NA,20.9,36.81,"1.01",71.25,55.07,3511.85
42839,2009,5,7,"Seq","LL","LL",6.58,10.43,10.87,32.09,62.66,28.44,1.85,10.32,NA,9.02,13.51,"1.42",36.77,24.91,946.9
42840,2009,5,7,"Seq","LL","LL",6.61,3.19,7.83,52.66,79.28,43.91,2.22,16.02,NA,10.18,23.86,"0.64",30.44,26.61,1144.79
43321,2009,6,18,"Bulk","SSF","BE",4.8,3.776,33.49,31.27,90.28,40.92,13.71,88.64,NA,58.88,83.09,"22.57",61.76,35.42,1157.31
43322,2009,6,18,"Bulk","SSF","YP",5.26,7.016,55.68,95.45,269.56,117.27,50.4,96.48,NA,52.89,148.08,"70.78",159.41,81.61,3455.73
43323,2009,6,18,"Bulk","SF","YP",5.75,46.956,48.72,91.34,378.25,100.8,6.67,1.78,NA,39.5,99.06,"4.85",185.3,133.5,6633.22
43324,2009,6,18,"Seq","SF","BE",6.52,361.61,209.22,34.56,461.88,48.4,1.48,162.34,NA,124.03,193.32,"131.59",534.08,40.88,2645.23
43325,2009,6,18,"Seq","SF","BE",6.17,110.94,28.71,13.99,326.59,16.97,1.11,101.46,NA,87.17,123.88,"74.23",229.22,44.05,1850.53
43326,2009,6,18,"Seq","SF","BE",5.95,63.83,25.66,7.41,269.3,9.48,0.74,67.64,NA,70.69,95.06,"55.03",156.75,37.89,1332.38
43327,2009,6,18,"Seq","SF","BE",6.33,50.81,22.62,6.58,259.84,8.48,0.37,29.55,NA,62.55,89.35,"51.83",139.34,36.71,1345.59
43328,2009,6,18,"Seq","SF","BE",6.39,70.12,22.62,9.05,267,10.48,0.74,67.28,NA,58.56,94.09,"51.60",156.88,35.17,1483.49
43329,2009,6,18,"Seq","SF","BE",6.03,76.93,30.01,11.52,313.55,18.46,0.74,99.32,NA,69.92,116.63,"64.01",190.76,49.82,1686.07
43330,2009,6,18,"Seq","SF","BE",6,96.79,29.58,11.52,352.17,16.47,0.74,129.94,NA,62.04,129.2,"72.60",214.25,44.86,2105.83
43331,2009,6,18,"Seq","SF","BE",5.76,80.43,45.24,13.99,347.56,33.93,1.11,129.94,NA,87.18,134.48,"70.71",206.85,55.71,1984.19
43332,2009,6,18,"Seq","SF","BE",6.17,42.85,33.93,6.58,239.38,16.47,0.37,29.19,NA,55.19,80.37,"32.82",118.01,42.34,1519.26
43333,2009,6,18,"Seq","TF","BE",6.12,133.53,133.97,38.68,124.81,57.39,0.74,23.5,NA,104.57,103.09,"74.84",208.69,0.32,841.88
43334,2009,6,18,"Seq","TF","BE",5.98,25.1,57.85,26.33,82.1,37.43,0.37,15.66,NA,76.4,52.75,"29.82",68.64,13.72,545.41
43335,2009,6,18,"Seq","TF","BE",6.26,22.47,27.84,7.41,38.11,15.47,0,1.07,NA,32.92,27.1,"9.40",37.71,5.85,291.28
43336,2009,6,18,"Seq","LL","LL",6.27,288.94,54.37,322.57,225.32,420.66,15.57,183.34,NA,94.46,71.08,"19.88",453.24,144.43,9017.84
43337,2009,6,18,"Seq","LL","LL",5.92,74.57,37.41,355.48,249.36,465.57,16.31,202.21,NA,74.48,58.25,"12.68",249.24,162,10004.19
43338,2009,6,18,"Seq","LL","LL",6.18,23.13,40.02,124.25,134.27,173.15,4.82,42.72,NA,63.98,42.35,"8.21",95.48,64.14,3292.79
43339,2009,6,18,"Seq","LL","LL",6.51,152.45,232.71,269.9,439.12,321.86,14.08,214.67,NA,42.01,35.29,"1.86",299.19,144.88,8738.73
43340,2009,6,18,"Seq","LL","LL",6.26,33.89,44.37,357.95,453.44,397.7,14.45,286.58,NA,75.17,43.51,"1.22",196.89,161.78,10621.8
43341,2009,6,18,"Seq","LL","LL",5.98,9.95,76.99,103.68,248.33,125.75,3.34,43.43,NA,60.57,44.07,"5.34",82.28,66.99,3066.43
43342,2009,6,18,"Seq","TF","YP",6.3,32.1,90.91,38.68,79.79,40.92,0.74,3.2,NA,94.1,35.09,"5.82",61.28,23.36,814.57
43343,2009,6,18,"Seq","TF","YP",6.22,1.17,14.35,9.87,15.6,5.99,0,0,NA,18.59,18.88,"n.a.",6.74,5.58,258.17
43344,2009,6,18,"Seq","TF","YP",6.15,5.18,20.44,7.41,15.6,13.97,0,0,NA,26.61,19.63,"2.55",16,8.27,220.61
43345,2009,5,6,"Bulk","PRE","YP",6.14,485.99,70.03,97.92,206.39,100.8,21.87,182.27,NA,71.33,300.43,"258.15",754.88,10.74,1791.98
43346,2009,5,6,"Seq","TF","BE",6.74,22.85,2.61,6.58,30.69,1.5,0.37,0,NA,0.23,8.77,"2.24",44.03,18.94,241.88
43347,2009,5,6,"Seq","TF","BE",6.23,9,12.61,11.52,34.27,5.99,0,1.78,NA,13.24,24.62,"17.96",37.36,10.4,276.29
43348,2009,5,6,"Seq","TF","YP",6.29,12.32,8.7,11.52,52.17,9.48,0.37,0,NA,3.2,8.62,"0.22",17.28,4.74,437.7
43349,2009,5,6,"Seq","TF","YP",6.12,27.25,17.83,16.46,42.71,15.47,0.37,0,NA,17.75,23.49,"16.60",45.75,1.9,419.83
43350,2009,5,6,"Seq","LL","LL",6.13,30.37,10.87,60.07,113.81,61.88,3.71,30.62,NA,7.04,19.11,"2.01",66.44,34.06,1647.53
43351,2009,5,6,"Seq","LL","LL",6.32,29.21,117.44,33.74,104.6,35.93,2.59,8.9,NA,8.61,19.14,"0.45",51.87,22.21,998.75
43352,2009,5,6,"Seq","LL","LL",6.13,14.66,12.61,68.3,93.86,57.88,3.34,21,NA,6.76,20.4,"0.71",40.84,25.47,1839.54
43353,2009,5,6,"Seq","LL","LL",6.28,14.43,6.96,36.21,64.19,26.45,1.85,7.12,NA,1.12,13.94,"2.52",34.6,17.66,988.64
43354,2009,6,14,"Bulk","BP","BP",6.26,185.85,16.96,13.17,23.02,11.98,0,6.41,NA,7.27,46.58,"22.11",270.1,62.14,297.4
43355,2009,6,14,"Bulk","TF","BE",6.17,39.71,49.59,21.39,64.96,29.44,0.37,42.36,NA,6.65,48.28,"41.23",94.7,13.76,534.06
43356,2009,6,14,"Bulk","TF","YP",5.91,8.25,10,26.33,58.06,28.44,0.74,1.42,NA,6.37,37.96,"22.39",42.92,12.28,987.22
43357,2009,6,14,"Bulk","SF","BE",5.75,42.2,9.57,3.29,142.71,2,0.37,47.7,NA,5.55,52.16,"25.09",91.29,24,1396.17
43358,2009,6,14,"Bulk","SF","YP",5.44,44.9,34.36,113.56,407.15,109.28,7.78,3.56,NA,2,106.51,"2.66",206,158.44,8390.9
43359,2009,6,14,"Bulk","LL","LL",5.78,18.95,8.7,103.68,133.5,135.23,4.45,53.4,NA,4.27,40.49,"24.60",104.2,60.65,3102.31
43360,2009,6,14,"Bulk","LL","LL",6.05,8.96,22.62,96.28,267,100.8,4.45,66.93,NA,8.63,43.97,"5.96",77.39,62.47,3779.07
43361,2009,6,14,"Bulk","SSF","BE",5.58,4.57,16.09,45.26,102.81,42.42,13.34,41.65,NA,10.9,69.29,"37.81",85.19,42.81,1657.47
43362,2009,6,14,"Bulk","SSF","YP",5.48,12.53,36.1,100.39,292.83,105.29,42.62,93.98,NA,28.99,142.57,"117.81",209.7,79.36,3205.13
43363,2009,4,3,"Bulk","BP","BP",6.37,180,20.01,10.7,28.64,7.49,0,3.2,NA,21.29,32.24,"9.63",311.45,121.82,198.98
43364,2009,4,3,"Bulk","TF","BE",6.35,39.75,21.75,6.58,30.95,10.48,0.37,2.14,NA,25.9,29.68,"20.99",72.18,11.44,234.79
43365,2009,4,3,"Bulk","TF","YP",6.13,25.72,21.31,12.34,43.48,14.97,0.37,0,NA,23.6,32.6,"15.63",56.09,14.75,505.73
43366,2009,4,3,"Bulk","SF","BE",6.06,43.61,20.44,3.29,69.56,1.5,0.37,12.46,NA,18.59,41.91,"22.83",81.65,15.21,543.41
43367,2009,4,3,"Bulk","SF","YP",5.4,104.7,35.23,158.82,513.29,136.23,8.52,1.78,NA,71.25,330.53,"71.06",290.6,114.85,6181.31
43368,2009,4,3,"Bulk","LL","LL",5.51,4.98,40.02,161.28,235.03,213.07,7.04,95.41,NA,76.81,99.99,"215.20",279.99,59.81,2865.5
43369,2009,4,3,"Bulk","LL","LL",5.78,1.83,39.58,134.95,216.62,109.78,2.96,68,NA,74.11,89.14,"83.78",124.5,38.89,2131.9
43370,2009,9,13,"Bulk","SSF","BE",5.74,2.92,11.31,18.1,43.48,15.97,8.52,35.6,NA,12.81,28.68,"3.50",40.52,34.1,852.43
43371,2009,9,13,"Bulk","SSF","YP",5.53,4.9,33.93,79,150.89,87.33,33.72,102.53,NA,35.4,121.62,"21.50",111.25,84.85,3073.18
43372,2009,9,13,"Bulk","BP","BP",6.58,1.4,83.51,13.17,9.21,18.96,0,43.08,NA,7.58,7.02,"3.91",29.05,23.74,231.93
43373,2009,9,13,"Bulk","TF","BE",6.28,8.81,48.28,11.52,47.06,12.48,0.37,23.5,NA,12.61,9,"14.59",48.31,24.91,259.77
43374,2009,9,13,"Bulk","TF","YP",6.2,3.13,18.27,20.57,100.25,20.96,1.48,2.49,NA,9.5,27.22,"4.58",42.64,34.92,1027.14
43375,2009,9,13,"Bulk","SF","BE",5.92,21.58,21.02,9.51,200.56,20.46,0.81,213.34,34.14939512,16.04,44.38,"42.26",146.87,83.03,1874.19
43376,2009,9,13,"Bulk","SF","YP",6.14,9.17,16.96,65.83,343.59,68.06,4.76,8.92,59.14810383,16.3,70.86,"1.15",127.05,116.72,4328.08
43377,2009,9,13,"Bulk","LL","LL",6.1,34.75,77.36,108.23,132.19,168.23,2.97,94.6,20.5409068,24.68,22.95,"146.98",232.53,50.8,2184.36
43378,2009,9,13,"Bulk","LL","LL",6.33,6.12,88.31,81.75,149.83,91.45,2.82,55.51,17.36035774,21.36,21.06,"6.02",52.43,40.29,1585.89
44296,2009,10,24,"Seq","SF","BE",6.12,52.12,113.95,53.21,523.38,61.94,1.36,235.82,152.42,169.73,293.42,"136.73",205.57,16.72,1511.82
44297,2009,10,24,"Seq","SF","BE",6.21,27.36,47.07,12.44,339.45,17.46,2.48,208.74,66.16,91.2,116,"43.87",99.46,28.23,1289.1
44298,2009,10,24,"Seq","SF","BE",6.2,17.49,35.93,4.52,219.22,7.51,0.7,85.56,38.47,63.33,66.91,"10.96",54.78,26.33,713.5
44299,2009,10,24,"Seq","SF","BE",6.2,22.57,34.71,4.5,220.53,7.73,0.95,104.28,42.12,59.43,71.7,"11.63",58.38,24.18,815.12
44300,2009,10,24,"Seq","SF","BE",6.44,26.4,36.21,4.78,228.04,8.97,0.61,136.82,45.93,59.36,78.05,"7.88",71.85,37.56,953.62
44301,2009,10,24,"Seq","SF","BE",6.23,40.83,39.49,7.52,268.67,14.39,1.29,224.44,58.75,56.36,79.19,"4.85",94.45,48.77,1353.13
44302,2009,10,24,"Seq","SF","BE",6.29,22.99,31.34,9.08,204.52,11.34,1.33,87.1,27.38,53.62,42.87,"9.19",60.7,28.52,685.9
44303,2009,10,24,"Seq","SF","BE",6.57,9.6,16.57,0.56,108.1,2.08,-0.04,17.2,8.81,21.79,14.04,"n.a.",21.94,12.34,242.89
44304,2009,10,24,"Seq","SF","BE",6.44,12.13,26.23,1.38,128.75,2.15,0.82,25.64,13.99,28.96,22.18,"0.72",23.49,10.64,297.06
44305,2009,10,24,"Seq","SF","BE",6.4,3.78,21.56,1.84,135.07,1.45,0.62,46.55,20.43,10.38,34.16,"n.a.",15.43,11.65,431.06
44306,2009,10,24,"Seq","SF","YP",6.9,1.67,314.49,362.76,1248.72,468.44,13.37,108.08,165.81,136.43,228.04,"n.a.",131.4,129.73,6105.8
44307,2009,10,24,"Seq","SF","YP",6.62,4.53,34.7,235.32,1642.89,241.51,22.35,22.93,219.42,82.13,302.52,"0.36",217.17,212.28,9863.29
44308,2009,10,24,"Seq","SF","YP",6.57,3.56,25.8,135.68,1151.69,139.92,13.64,11.26,157.07,69.88,219.96,"n.a.",149.95,146.39,6486.75
44309,2009,10,24,"Seq","SF","YP",6.64,5.34,22.1,101.12,967.15,105.78,10.83,15.01,125.58,61.31,175.21,"n.a.",127.11,121.77,4881.94
44310,2009,10,24,"Seq","SF","YP",6.65,1.15,19.23,85.4,880.43,86.73,7.68,12.74,103.88,59.33,145.29,"n.a.",102.38,101.23,3964.71
44311,2009,10,24,"Seq","SF","YP",6.81,1.06,21.03,90.75,915.18,92.36,8.56,13.28,93.83,51.7,124.19,"n.a.",99.12,98.06,3708.33
44312,2009,10,24,"Seq","SF","YP",6.77,3.65,21.85,94.35,947.81,97.42,8.25,4.84,86.85,45.1,112.97,"n.a.",154.66,151.01,3706.02
44313,2009,10,24,"Seq","SF","YP",7.1,2.99,15.68,43.33,628.48,45.76,4.98,4.95,54.96,54.9,70.65,"n.a.",66.33,63.34,2195.93
44314,2009,10,24,"Seq","SF","YP",6.86,0.48,11.61,24.74,491.24,25.45,3.87,4.58,26.66,2.85,5.51,"n.a.",39.72,39.24,1384.18
44315,2009,10,24,"Seq","TF","BE",6.75,13.13,111.62,59.82,338.35,65.89,1.54,36.72,45,121.02,69.72,"0.55",38.81,25.13,932.73
44316,2009,10,24,"Seq","TF","BE",6.01,19.06,74.05,32.53,200.02,36.09,0.42,31.4,22.53,63.68,33.73,"0.25",33.38,14.08,471.07
44317,2009,10,24,"Seq","TF","BE",6.45,9.11,21.7,13.73,88.1,15.13,0.04,7.63,7.72,20.17,11.92,"n.a.",18.02,8.91,297.63
44318,2009,10,24,"Seq","TF","BE",6.43,7.11,16.16,10.16,72.2,11.32,0.09,5.08,5.51,16.63,9,"n.a.",13.83,6.72,182.93
44319,2009,10,24,"Seq","TF","BE",6.4,16.77,20.39,7.46,98.96,10.33,0.39,9.53,8.28,26.68,9.23,"5.86",30.68,8.04,196.78
44320,2009,10,24,"Seq","TF","BE",6.43,5.9,58.93,25.72,150.95,26.15,1.18,15.51,20.24,82.2,35.28,"4.32",21.83,11.6,334.95
44321,2009,10,24,"Seq","TF","BE",6.53,4.6,33.53,13.42,92.36,15.57,0.15,5.36,12.36,42.07,21.12,"0.56",14.49,9.33,200.6
44322,2009,10,24,"Seq","TF","BE",6.49,0.02,11.92,29,109.33,27.64,0.98,5.6,10,5.4,14.51,"n.a.",5.53,5.52,351.58
44323,2009,10,24,"Seq","TF","YP",6.7,2.17,167.35,227.35,409.08,160.87,2.96,39.01,64.99,263.76,107.75,"23.53",56.67,30.97,1433.38
44324,2009,10,24,"Seq","TF","YP",6.96,31.23,97.58,63.56,165.11,55.8,1.98,13.46,24.47,92.16,27.99,"11.37",67.14,24.54,535.57
44325,2009,10,24,"Seq","TF","YP",6.58,6.03,32.04,25.21,53.87,25.38,0.66,2.91,6.8,32.17,9.9,"0.21",15.16,8.92,259.93
44326,2009,10,24,"Seq","TF","YP",6.31,3.88,12.86,9.52,21.22,10.8,0.01,0.34,2.51,11.76,5.08,"n.a.",8.49,4.61,167.79
44327,2009,10,24,"Seq","TF","YP",6.28,4.51,17.78,16.31,32.22,17.01,0.28,0.65,3.88,15.4,6.89,"n.a.",13.39,8.88,124.58
44328,2009,10,24,"Seq","TF","YP",6.58,0.12,65.46,83.33,210.14,78.34,1.17,1.98,25.16,77.04,40.65,"n.a.",8.81,8.69,761.4
44329,2009,10,24,"Seq","TF","YP",6.67,0.61,20.61,31.93,118.46,27.07,0.49,0.94,9.83,19.27,14.56,"n.a.",8.47,7.86,285.17
44330,2009,10,24,"Seq","TF","YP",6.61,0.94,8.83,44.97,115.95,34.67,0.61,2.88,8.88,5.75,12.64,"n.a.",7.57,6.63,452.31
44331,2009,10,24,"Seq","TF","YP",6.56,1.36,8.64,31.63,98.67,23.51,0.78,1.53,6.52,4.99,9.77,"n.a.",6.8,5.44,341.41
44332,2009,10,24,"Seq","LL","LL",6.53,27.63,82.27,267.52,545.22,355.73,8.71,187.37,92.32,199.19,141.45,"81.11",173.79,65.05,3123.49
44333,2009,10,24,"Seq","LL","LL",6.59,15.2,110.99,230.75,431.38,387.83,10,233.79,82.44,196.2,120.88,"55.86",178.67,107.61,3730.47
44334,2009,10,24,"Seq","LL","LL",6.66,42.87,68.11,175.24,395.52,261.04,8.59,197.08,69.49,159.86,100.89,"55.09",179.47,81.51,3315.12
44335,2009,10,24,"Seq","LL","LL",6.46,16.03,48.45,168.71,369.87,278.84,8.9,204.65,67.94,142.94,98.44,"89.27",173.56,68.26,3408.15
44336,2009,10,24,"Seq","LL","LL",6.39,19.11,46.73,166.16,370.44,280.74,10.92,214.59,67.42,141.06,93.87,"64.58",158.33,74.64,3666.44
44337,2009,10,24,"Seq","LL","LL",6.39,11.84,38.53,95.92,278.89,162.49,5.48,124.92,39.81,81.4,54.74,"25.92",91.23,53.47,2250.35
44338,2009,10,24,"Seq","LL","LL",6.41,10.47,27.81,45.99,191.27,76.74,4.57,64.03,19.74,48.49,26.93,"33.73",69.76,25.56,1068.91
44339,2009,10,24,"Seq","LL","LL",6.48,12.42,30.22,39.71,189.53,65.67,1.68,42.42,20.15,58.73,29.93,"14.85",49.64,22.37,873.86
44340,2009,10,24,"Seq","LL","LL",6.6,7.3,29.14,54.31,217.91,76.96,3.4,41.99,17.08,36.99,21.53,"4.96",37.08,24.81,860.2
44341,2009,10,24,"Seq","LL","LL",6.72,6.81,46.85,307.09,675.67,326.3,9.75,222.31,117.95,206.09,184.41,"0.00",99.25,92.44,3850.9
44342,2009,10,24,"Seq","LL","LL",6.67,6.93,73.34,248.4,798.28,273.24,8.55,219.62,140.13,189.98,219.65,"n.a.",102.33,95.4,4183.85
44343,2009,10,24,"Seq","LL","LL",6.77,10.44,48.98,210.53,770.1,233.04,8.49,190.54,132.99,170.62,207.27,"n.a.",108.29,97.85,3760.29
44344,2009,10,24,"Seq","LL","LL",6.68,8.44,48.65,200.56,745.4,232.03,8.37,200.68,135.27,172.94,213.48,"0.00",99.65,91.21,3984.78
44345,2009,10,24,"Seq","LL","LL",6.96,17.94,48.85,205.47,760.25,238.33,8.49,223.98,141.45,173.88,215.43,"1.89",126.92,107.1,4536.07
44346,2009,10,24,"Seq","LL","LL",6.68,5.09,40.89,136.95,606.87,148.62,4.99,108.48,82.18,93.48,124.66,"0.00",74.41,69.32,2449.49
44347,2009,10,24,"Seq","LL","LL",6.57,8.16,38.59,82.48,483.94,87.61,3.96,52.21,55.89,64.6,87.12,"13.63",57.36,35.57,1471.56
44348,2009,10,24,"Seq","LL","LL",7.18,6.4,54.2,88.52,483.43,85.9,3.56,35.96,40.76,62.49,63.16,"0.19",38.16,31.57,1164.7
44349,2009,10,24,"Seq","LL","LL",6.79,1.8,72.89,59.37,370.53,59.53,1.91,24.41,23.17,21.59,33.79,"n.a.",26.74,24.94,856.47
44350,2009,10,24,"Bulk","BP","BP",6.56,2.06,79.97,16.97,2.17,14.78,0.16,11.69,11.31,51.04,20.26,"0.44",16.87,14.37,64.84
44351,2009,10,24,"Bulk","TF","BE",6.7,3.9,83.59,38.07,177.63,41.26,1.56,21.59,34.82,72.81,59.85,"25.72",161.09,131.47,514.46
44352,2009,10,24,"Bulk","TF","YP",6.87,10.78,114.3,106.43,249.52,79.58,0.46,29.55,29.3,61.27,47.76,"n.a.",45.32,34.54,645.56
44353,2009,10,24,"Bulk","SSF","BE",4.81,6.18,29.82,35.34,108.26,38.57,10.51,87.52,47.46,79.13,82.28,"19.66",65.74,39.91,829.56
44354,2009,10,24,"Bulk","SSF","YP",5.49,8.75,29.56,93.3,181.55,101.01,27.95,76.16,82.65,60.92,145.15,"37.66",98.42,52,2253.6
44355,2009,10,28,"Bulk","LL","LL",6.45,9.43,13.75,35.23,147.08,56.39,3.45,43.05,14.7,15.41,19.35,"15.95",55.15,29.77,973.12
44356,2009,10,28,"Bulk","LL","LL",6.93,2.21,46.5,106.01,459.17,102.47,3.58,75.75,33.23,21.8,43.1,"n.a.",52.66,50.45,1733.54
44357,2009,10,28,"Bulk","SF","BE",6.32,7.87,20,8.9,218.83,11.4,1.59,145.35,40.59,25.96,63.42,"6.15",46.43,32.42,845.79
44358,2009,10,28,"Bulk","SF","YP",6.37,3.53,10.55,53.64,465.84,63.75,6.23,4.28,57.11,27.66,76.11,"n.a.",69.88,66.35,2879.69
44359,2009,10,28,"Bulk","TF","BE",6.62,1.35,32.7,18.6,139.36,15.27,0.44,19.5,17.11,25.33,28,"n.a.",21.86,20.51,404.73
44360,2009,10,28,"Bulk","TF","YP",6.88,3.03,45.66,120.71,281.46,88.34,1.33,7.71,24.86,15.8,31.93,"n.a.",23.52,20.5,584.31
44361,2009,10,28,"Bulk","SSF","SSF",5.13,3.12,17.4,38.54,56.61,43.42,16.78,54.27,28.41,29.07,51.52,"3.18",39.78,33.47,1236.52
44362,2009,10,28,"Bulk","SSF","YP",5.31,2.06,33.15,92.52,183.14,97.76,28.83,91.1,90.12,68.34,167.21,"33.05",87.76,52.65,2091.98
44363,2009,10,28,"Bulk","BP","BP",6.35,1.44,27.98,4.84,-4.22,6.36,0.37,7.87,3.4,2.54,6.05,"n.a.",23.7,22.26,71.79
44656,2010,1,25,"Bulk","TF","BE",6.22,31.67,51.19,15.31,16.59,18.23,0.51,3.57,19.32,69.42,37.21,"17.33",51.61,2.61,155.22
44657,2010,1,25,"Bulk","TF","YP",6.2,21.18,44.13,14.07,42.88,18.97,0.47,1.68,16.2,67.58,30.26,"12.14",43.22,9.9,383.93
44658,2010,1,25,"Bulk","SF","BE",5.69,32.57,52.98,26.74,59.62,31.45,1.03,13.81,42.8,82.77,80.05,"24.58",75.67,18.52,395.87
44659,2010,1,25,"Bulk","SF","YP",6.26,10.17,23.11,61.18,391.1,59.33,5.64,2.21,70.47,93.33,110.51,"n.a.",77.29,67.12,2468.7
44660,2010,1,25,"Bulk","LL","LL",6.39,29.85,28.91,54.08,123.6,69.82,1.68,38,16.43,55.92,25.93,"98.31",181.87,53.71,824.63
44661,2010,1,25,"Bulk","LL","LL",6.66,50.99,26.45,56.38,179.21,53.03,1.95,33.67,30.33,69.48,47.8,"39.20",132.9,42.71,1070.34
44662,2010,1,25,"Bulk","SSF","BE",4.82,54.98,56.94,61.36,125.48,54.71,11.62,39.04,73.54,157.61,132.92,"70.03",151.76,26.74,517.64
44663,2010,1,25,"Bulk","SSF","YP",5.37,23.06,33.64,142.48,179.08,124.67,25.13,63.63,104.36,68.2,181.58,"152.83",212.41,36.51,1440.08
44664,2010,1,25,"Bulk","BP","BP",6.02,12.03,45.44,12.77,-9.31,11.63,0.23,2.35,8.61,54.98,16.86,"9.08",36.98,15.86,93.38
44665,2009,12,13,"Bulk","TF","BE",6.36,15.88,25.79,12.31,13.27,20.19,0.23,3.64,13.35,11.84,24.86,"16.56",40.37,7.94,243.9
44666,2009,12,13,"Bulk","TF","YP",6.57,20.85,31.67,13.97,17.34,29.57,0.42,4.78,11.99,15.06,21.12,"8.07",45.12,16.2,264.57
44667,2009,12,13,"Bulk","SF","BE",6.16,8,3.79,7.61,44.03,8.23,0.38,11.02,23.1,3.26,42.3,"4.67",24.39,11.72,169.82
44668,2009,12,13,"Bulk","SF","YP",6.39,5.68,6.5,20.47,247.48,29.35,3.24,2.87,39.49,14.24,62.87,"0.84",37.74,31.23,1170.77
44669,2009,12,13,"Bulk","LL","LL",6.07,24.12,8.42,28.09,110.1,34.64,0.95,11.9,14.3,21.31,24.61,"80.32",95.92,-8.52,313.1
44670,2009,12,13,"Bulk","LL","LL",6.58,4.55,10.85,126.83,264.46,97.62,1.71,25.8,16.66,16.61,23.96,"60.50",83.14,18.09,714.87
44671,2009,12,13,"Bulk","SSF","BE",6.09,15.61,17.35,46.08,77.53,57.16,6.8,25.2,57.16,24.1,103.22,"52.56",89.63,21.47,458.97
44672,2009,12,13,"Bulk","SSF","YP",6.16,7.41,25.06,85.1,142.81,120.65,18.83,39.66,65.92,38.66,109.83,"54.66",101.73,39.66,1593.08
44673,2009,12,13,"Bulk","BP","BP",6.49,3.59,29.74,10.35,-7.43,14,0.22,3.63,4.26,10.17,8.79,"1.68",13.27,8,95.56
44674,2009,12,7,"Bulk","TF","BE",6.41,45.59,77.57,12.47,17.49,18.18,0.47,2.77,20.71,10.43,37.84,"46.42",91.35,-0.66,241.28
44675,2009,12,7,"Bulk","TF","YP",6.15,20.4,22.63,9.06,150.99,11.91,1.61,1.84,46.89,13.72,77.6,"6.10",49.15,22.65,749.7
44676,2009,12,7,"Bulk","SF","BE",6.06,24.5,12.64,12,90.33,10.06,0.31,15.67,41.77,7.06,75.54,"31.84",63.46,7.12,251.2
44677,2009,12,7,"Bulk","SF","YP",6.21,6.75,5.06,22.72,321.1,24.81,3.28,2.58,69.58,18.2,109.43,"0.50",48,40.76,1601.18
44678,2009,12,7,"Bulk","LL","LL",6.45,21.45,11.87,34.72,134.65,55.4,2.87,66.53,18.7,10.9,25.98,"28.99",80.16,29.73,1065.97
44679,2009,12,7,"Bulk","LL","LL",6.45,4.15,11.58,53.22,196.57,52.47,2.22,73.4,23.05,11.6,33.58,"2.68",35.33,28.5,997.53
44680,2009,12,7,"Bulk","SSF","BE",5.33,14.59,23.04,21.58,81.21,21.74,7.97,29.22,47.19,19.28,83.29,"48.79",80.65,17.27,485.74
44681,2009,12,7,"Bulk","SSF","YP",5.21,4.72,30.61,105.87,190.5,105.13,31.52,85.78,99.51,61.64,167.05,"86.29",131.85,40.84,1820.22
44682,2009,12,7,"Bulk","BP","BP",6.16,90.72,60.22,39.63,116.39,31.33,0.36,4.45,16.95,10.42,26.47,"24.66",126.77,11.4,190.28
44683,2009,5,6,"Bulk","TF","BE",6.69,1.68,343.23,54.95,111.33,98.36,0.91,60.2,38.95,52.81,62.49,"192.25",200.56,6.64,487.88
44684,2009,5,6,"Bulk","TF","YP",6.49,31.19,20.11,29.92,84.51,39.18,2.12,4.42,20.19,18.83,32.31,"30.00",72.07,10.89,676.45
44685,2009,5,6,"Bulk","SF","BE",5.94,38.95,11.24,8.41,148.54,16.01,1.65,62.63,37.25,11.31,60.3,"36.91",86.29,10.43,943.88
44686,2009,5,6,"Bulk","SF","YP",5.52,57.51,27.52,153.36,473.44,157.71,11.55,2.83,117.41,4.13,127.29,"2.21",207.55,147.84,14072.49
44687,2009,5,6,"Bulk","LL","LL",6.25,14.07,10.83,92.39,147.52,102.96,4.18,10.01,24.89,5.22,27.93,"4.40",68.7,50.23,2430.43
44688,2009,5,6,"Bulk","LL","LL",6.34,9.55,14.52,120.95,124.59,109.04,3.91,9.37,30.3,7.77,36.86,"n.a.",47.46,37.91,2432.74
44689,2009,5,6,"Bulk","SSF","BE",5.12,33.93,29.14,44.1,110.98,62.53,19.22,64.49,87.69,26.88,148.14,"59.98",120.02,26.11,1829.29
44690,2009,5,6,"Bulk","SSF","YP",5.74,180.06,62.47,141.97,265.31,135.4,37.52,192.18,195.21,86.23,339.83,"301.10",376.86,-104.3,1865.98
44691,2009,5,6,"Bulk","BP","BP",6.13,46.54,11.79,5.12,-4.23,12.65,0.29,5.75,10.89,11.35,20.06,"25.97",80.37,7.86,133.72
44692,2009,5,5,"Bulk","TF","BE",6.59,61.26,15.07,35.67,104.92,40.64,1.26,8.82,38.81,9.8,73.81,"27.65",91.32,2.41,1075.74
44693,2009,5,5,"Bulk","TF","YP",5.95,18.16,24.09,52.71,130.71,66.45,3.3,0.87,45.14,15.33,81.95,"30.40",66.58,18.01,1282.2
44694,2009,5,5,"Bulk","SF","BE",5.78,42.24,18.74,14.14,179.32,26.32,1.09,66.35,55.73,9.6,101.73,"24.62",96.03,29.18,1184.52
44695,2009,5,5,"Bulk","SF","YP",5.63,61.61,35.16,152.89,417.46,142.78,9.27,3.01,132.42,35.34,205.62,"10.67",191.57,119.29,5722.65
44696,2009,5,5,"Bulk","LL","LL",4.62,24.28,28.04,138.63,198.23,144.99,6.53,53.71,54.04,12.08,88.61,"6.48",76.8,46.04,2664.72
44697,2009,5,5,"Bulk","LL","LL",5.95,13.11,23.3,129.15,132.54,112.76,5.48,48.06,46.12,9.85,74.87,"0.36",50.15,36.68,2582.48
44698,2009,5,5,"Bulk","SSF","BE",5.13,51.77,47.45,49.47,128.82,74.25,22.23,60.89,101.71,39.65,194.22,"89.13",158.04,17.14,1644.15
44699,2009,5,5,"Bulk","SSF","YP",6.05,316.17,48.77,113.62,468.51,121.94,39.85,104.69,156.79,75.99,288.29,"433.82",662.45,-87.54,2568.56
44700,2009,5,5,"Bulk","BP","BP",5.93,28.7,9.56,13.61,6.08,38.06,0.1,4.03,22.19,7.42,44.44,"23.01",69.35,17.64,90.92
45069,2009,12,2,"Seq","SF","BE",6.56,63.85,31.38,35.97,267.98,28.68,1.35,33.19,121.22,34.77,232.7,"59.41",133.61,10.35,564.53
45070,2009,12,2,"Seq","SF","BE",6.6,39.6,22.63,17.09,188.57,14.62,1.42,31.58,76.71,21.68,146.73,"32.01",85.11,13.5,464.34
45071,2009,12,2,"Seq","SF","BE",6.49,42.1,22.77,12.15,164.28,10.43,0.62,27.8,62.89,18.15,119.61,"26.50",83.41,14.81,477.09
45072,2009,12,2,"Seq","SF","BE",6.5,23.27,17.04,8.53,136.71,9.16,0.48,22.13,48.94,12.73,93.94,"23.95",56.69,9.48,377.25
45073,2009,12,2,"Seq","SF","BE",6.53,25.58,16.36,5.26,137.75,4.79,0.89,26.83,49.38,11.2,92.35,"14.54",58.58,18.47,426.55
45074,2009,12,2,"Seq","SF","BE",6.67,17.62,13.51,6.86,110.94,8.68,1.2,31.95,31.43,14.8,57.4,"11.09",43.29,14.58,412.8
45075,2009,12,2,"Seq","SF","BE",6.59,29.76,17.45,7.06,121.08,8.93,1.18,24.79,38.65,16.49,70.6,"13.88",52.87,9.23,379.84
45076,2009,12,2,"Seq","SF","BE",6.57,23.27,17.03,8.01,140.22,9.76,3.73,59.02,44.78,18.75,80.07,"9.11",51.18,18.79,592.58
45077,2009,12,2,"Seq","SF","BE",6.6,19.47,26.66,10.04,151.63,9.48,0.6,29.09,26.41,100.54,47.83,"13.01",42.89,10.4,363.62
45078,2009,12,2,"Seq","SF","BE",6.75,16.31,32.11,6.57,110.08,5.18,1.07,15.59,18.25,82.6,32.06,"6.45",33.11,10.35,213.44
45079,2009,12,2,"Seq","SF","BE",6.8,16.25,15.07,1.36,50.94,1.51,0.59,14.28,9.38,12.49,15,"1.01",26.55,9.29,206.57
45080,2009,12,2,"Seq","TF","BE",6.4,86.98,39.79,27.21,71.63,35.15,1.31,6.37,40.37,36.74,74.01,"40.32",145.73,18.43,272.92
45081,2009,12,2,"Seq","TF","BE",6.66,24,10.08,12.65,26.38,16.33,-0.02,3.77,15.06,9.19,27.56,"13.63",46.58,8.94,400.56
45082,2009,12,2,"Seq","TF","BE",6.46,23.2,45.8,17.89,30.04,22.04,-0.02,3.1,13.89,69.99,23.81,"15.75",49.24,10.3,220.74
45083,2009,12,2,"Seq","TF","BE",6.43,11.84,64.7,14.35,25.35,18.81,0.59,1.56,12.16,87.57,20.71,"10.96",30.63,7.83,165.74
45084,2009,12,2,"Seq","TF","BE",6.74,7.57,9.2,2.21,9.42,4.69,0.17,0.63,6.21,8.61,10.69,"2.56",17.13,7,139.39
45085,2009,12,2,"Seq","LL","LL",6.27,5.07,24.33,72.02,271.31,123.92,5.45,154,40.83,28.69,58.34,"123.40",181.08,52.61,2106.58
45086,2009,12,2,"Seq","LL","LL",6.56,24.3,22.92,66.18,259.48,107.69,5.22,140.52,40.64,27.79,60.61,"94.89",161.24,42.05,1776.39
45087,2009,12,2,"Seq","LL","LL",6.63,18.32,20.92,57.43,242.65,96.45,3.92,130.23,35.87,24.23,53.21,"86.67",145.11,40.12,1709.64
45088,2009,12,2,"Seq","LL","LL",6.45,4.32,18.62,51.87,230.02,87.79,4,120.18,32.07,20.72,46.32,"92.92",130.05,32.82,1429.92
45089,2009,12,2,"Seq","LL","LL",6.72,19.41,19.03,48.23,225.37,82.88,2.71,114.63,29.44,19.78,40.58,"59.42",112.66,33.83,1484.18
45090,2009,12,2,"Seq","LL","LL",6.68,19.45,20.74,49.64,229.08,84.42,2.89,116.07,30.69,22.29,45.54,"80.92",119.87,19.5,1475.71
45091,2009,12,2,"Seq","LL","LL",6.84,4.64,20.83,47.86,229.69,79.7,4.18,103.2,27.12,39.75,39.1,"69.20",102.73,28.89,1550.48
45092,2009,12,2,"Seq","LL","LL",6.53,4.31,29.25,6.99,-4.7,47.99,-0.03,0,6.31,53.32,38.37,"69.84",104.22,30.07,1465.31
45093,2009,12,2,"Seq","LL","LL",6.64,4.08,1050.63,748.14,40.05,1342.38,0.32,104.68,347.86,68.05,33.04,"50.20",74.84,20.55,1148.74
45094,2009,12,2,"Seq","LL","LL",6.77,3.96,29.63,240.48,734.8,261.32,11.8,7.17,235.05,20.54,12.54,"31.70",52.65,16.99,677.71
45095,2009,12,2,"Seq","SF","YP",6.19,43.04,30.31,385.22,1067.72,350.95,20.37,10.04,387.77,151.5,371.05,"1.95",166.1,121.11,5793.89
45096,2009,12,2,"Seq","SF","YP",5.72,45.51,21.84,232.49,920.11,215.25,13.43,11.49,294.36,252.77,612.56,"3.61",220.76,171.64,9571.52
45097,2009,12,2,"Seq","SF","YP",6,45.29,16.53,199.28,900.72,176.77,12.22,11.21,270.09,186.53,466.74,"2.87",184.27,136.1,7144.85
45098,2009,12,2,"Seq","SF","YP",5.95,47.17,13.19,153.28,865.37,139.32,10.14,10.75,230.27,170.71,424.15,"2.46",167.39,117.76,6643.45
45099,2009,12,2,"Seq","SF","YP",6.37,36.66,6.17,98.31,773.64,91.43,8.88,4.51,171.41,159.12,359.26,"2.42",187.4,148.32,5824.62
45100,2009,12,2,"Seq","SF","YP",6.55,43.09,4.2,69.27,683.03,66.7,10.56,6.46,136.91,143.84,261.26,"1.84",154.25,109.32,4657.68
45101,2009,12,2,"Seq","SF","YP",6.69,36.7,1.23,53.88,574.74,53.74,5.78,2.87,106.2,134.07,209.61,"1.65",131.33,92.98,4721.92
45102,2009,12,2,"Seq","SF","YP",6.75,36.36,-6.75,16.14,314.69,16.14,3.01,2.23,35.42,115.68,156.61,"1.76",118.32,80.2,3403.52
45103,2009,12,2,"Seq","SF","YP",6.97,16.62,4.77,12.89,90.39,10.99,0.34,1.33,20.16,40.64,52.98,"1.15",53.08,35.31,1398.36
45104,2009,12,2,"Seq","TF","YP",7.12,17.22,-4.91,16.01,34.51,11.98,0.92,1.12,13.28,35.17,38.31,"13.60",44.07,13.25,873.94
45105,2009,12,2,"Seq","TF","YP",7.11,7.87,37.64,27.85,75.09,22.86,3.18,1.96,19.23,25.38,27.8,"10.88",25.12,6.38,368.08
45106,2009,12,2,"Seq","TF","YP",6.96,9.2,38.26,12.67,54.64,10.72,1.38,1.62,12.7,89.4,33.81,"12.12",30.02,8.7,390.66
45107,2009,12,2,"Seq","TF","YP",7.08,9.6,-8.84,3.91,12.11,3.27,0.14,1.35,4.89,84.66,26.42,"8.56",26.15,7.98,278.09
45108,2009,12,2,"Seq","TF","YP",7.27,7,4.91,84.03,405.98,97.52,5.64,228.36,44.29,29.45,16.28,"2.59",14.85,5.26,158.75
45109,2009,12,2,"Seq","LL","LL",6.6,24.19,1.89,0.69,-1.24,-1.21,0.1,1.27,-0.51,39.7,63.18,"22.51",88.21,41.51,1961.89
45110,2009,12,2,"Seq","LL","LL",7.17,10.96,3.36,72.82,364.35,80.13,2.79,177.91,37.94,31.76,58.61,"21.77",73.89,41.15,1778.6
45111,2009,12,2,"Seq","LL","LL",6.93,12.66,4.07,68.8,363.85,76.79,2.96,161.98,37.37,40.84,59.87,"17.09",85.62,55.87,1665.49
45112,2009,12,2,"Seq","LL","LL",6.86,12.79,3.76,68.81,369,75.73,2.98,155.98,37.63,27.23,56.93,"13.94",62.91,36.17,1538.62
45113,2009,12,2,"Seq","LL","LL",6.83,11.68,3.9,67,366.42,73.35,6.32,153.21,36,30.72,57.21,"19.68",65.14,33.77,1484.87
45114,2009,12,2,"Seq","LL","LL",6.81,9.51,4.83,68.46,369.55,73.67,6.16,131.09,34.63,32.01,54.62,"18.19",59.26,31.56,1508.8
45115,2009,12,2,"Seq","LL","LL",6.73,6.92,4.58,70.34,378.33,73.99,2.07,120.63,38.26,52.47,53.28,"22.73",60.84,31.19,1428.77
45116,2009,12,2,"Seq","LL","LL",6.75,8.03,7.5,67.26,371.68,68.05,1.99,89.27,43.96,81.39,69.63,"15.46",53.33,29.85,1401.55
45117,2009,12,2,"Seq","LL","LL",6.88,8.03,30.03,46.32,281.86,44.54,1.88,37.32,24.88,86.92,72.16,"15.22",50.66,27.42,1387.94
45118,2009,12,2,"Seq","LL","LL",6.83,2.06,25.35,9.08,-7.97,8.73,-0.25,7.75,4.99,34.91,38.27,"12.07",40.25,26.12,954.11
45119,2009,12,2,"Bulk","BP","BP",6.68,1.86,52.23,7.93,31.07,7.74,-0.21,15.46,10.9,30.0353,10.1,"0.14",6.31,4.31,68.79
45120,2009,12,2,"Bulk","TF","BE",6.69,10.09,26.47,9.77,37.13,13.03,-0.03,8.75,9.95,25.9,20.24,"9.42",24.85,5.35,244.32
45121,2009,12,2,"Bulk","TF","YP",6.91,2.53,12.62,36.79,85.17,36.25,9.78,55.36,50.6,30.71,19.76,"4.53",21.7,14.64,382
45122,2009,12,2,"Bulk","SSF","BE",6.33,8.57,21.87,116.86,193.73,107.96,27.69,90.63,97.38,43.3,94.4,"30.45",61.59,22.58,779.73
45123,2009,12,2,"Bulk","SSF","YP",6.12,11.19,283.76,1633.42,720.34,1587.65,8.08,17.46,3112.19,83.51,178.19,"114.09",160.45,35.17,1711.59
45124,2010,1,17,"Seq","SF","BE",6.24,63.34,209.43,740.76,519.19,789.89,5.07,10.35,1711.23,512.69,5743.52,"626.14",3044.37,2354.89,1406.42
45125,2010,1,17,"Seq","SF","BE",6.36,1485.49,122.25,319.45,329.98,336.64,2.13,8.2,841.46,389.05,3296.08,"449.53",2266.09,331.07,1173.4
45126,2010,1,17,"Seq","SF","BE",6.55,1020.13,80.68,170.73,240.74,178.14,1.71,5.01,511.13,243.2,1600.7,"260.54",1304.44,23.77,959.38
45127,2010,1,17,"Seq","SF","BE",6.77,750.14,13.25,6.41,-7.48,46.53,-0.36,1.12,6.22,163.94,968.57,"170.11",836.17,-84.07,767.84
45128,2010,1,17,"Seq","SF","BE",6.69,687.83,89.4,147.31,230.43,150.74,0.86,9.84,442.91,137.77,848.09,"153.54",740.04,-101.32,764.87
45129,2010,1,17,"Seq","SF","BE",6.58,482.53,75.94,106.87,195.04,110.83,3.1,8.55,330.77,115.32,616.73,"133.05",576,-39.58,650.55
45130,2010,1,17,"Seq","SF","BE",6.59,291.04,50.51,50.23,125.87,51.48,1.14,7.69,181.7,73.95,347.17,"83.10",350.02,-24.11,506.31
45131,2010,1,17,"Seq","SF","BE",6.79,180.99,27.33,19.6,72.57,18.31,0.55,3.3,96.93,33.46,183.76,"42.25",194.79,-28.45,335.1
45132,2010,1,17,"Seq","SF","BE",6.86,130.91,21.25,12.9,59.66,12.14,0.21,3.99,73.75,26.22,148.3,"35.31",146.02,-20.2,238.21
45133,2010,1,17,"Seq","SF","BE",6.93,100.29,15.38,10.49,50.15,10.23,0.15,4.03,61.67,15.04,117.51,"23.70",111.16,-12.83,227.03
45134,2010,1,17,"Seq","SF","BE",6.86,108.82,16.35,12.72,56.94,12.39,0.28,5.12,66.07,19.47,133.17,"31.26",123.04,-17.03,245.96
45135,2010,1,17,"Seq","SF","BE",6.86,92.59,15.38,9.48,51.95,9.59,-0.1,4.75,56.35,32.19,122.25,"30.74",109.02,-14.32,265.98
45136,2010,1,17,"Seq","SF","BE",6.76,98.48,18.3,11.72,60.44,11.8,1.44,5.73,60.35,17.84,113.82,"27.90",110.89,-15.49,352.59
45137,2010,1,17,"Seq","SF","BE",6.61,102.71,26.54,49.67,145.99,52.76,1.29,28.16,124.35,8.35,223.56,"70.91",168.11,-5.51,611.38
45138,2010,1,17,"Seq","TF","BE",6.72,454.09,164,86.88,78.25,144.27,0.3,3.81,244.24,213.99,443.22,"146.63",511.62,-89.1,400.05
45139,2010,1,17,"Seq","TF","BE",6.71,140.73,33.41,23.25,36.71,41.02,1.9,2.76,454.87,46.25,113.53,"45.72",2675.26,2488.81,865.06
45140,2010,1,17,"Seq","TF","BE",6.94,51.35,10.41,9.07,17.18,14.85,0.45,1.38,28.63,12.74,52.34,"20.37",71.62,-0.1,299.54
45141,2010,1,17,"Seq","TF","BE",7.1,21.05,1.96,5.01,6.2,8.9,0.46,1.04,12.52,4.45,24.58,"8.87",30.35,0.43,249.31
45142,2010,1,17,"Seq","TF","BE",6.89,27.07,3.17,8.83,9.44,17.66,-0.09,1.3,21.64,8.63,40.43,"16.03",47.66,4.57,468.63
45143,2010,1,17,"Seq","TF","BE",6.79,28.8,6.13,11.73,13.26,23.11,0.17,2.39,24.41,6.63,44.68,"16.70",50.7,5.21,611.2
45144,2010,1,17,"Seq","LL","LL",6.76,189.24,45.33,189.89,342.48,209.89,4.02,96.05,173.08,157.11,299.65,"223.69",611.09,198.17,1613.81
45145,2010,1,17,"Seq","LL","LL",5.16,168.33,39.3,192.47,338.32,214.62,4.14,80.32,175.46,151.57,310.26,"348.34",508.7,-7.97,1370.95
45146,2010,1,17,"Seq","LL","LL",5.26,155.41,38.59,189.89,340.71,213.29,3.44,83.65,165.97,145.63,292.6,"356.80",520.81,8.6,1311.67
45147,2010,1,17,"Seq","LL","LL",5,132.7,39.14,183.37,341.64,210.45,3.47,85.67,156.67,132.35,260.84,"335.57",490.1,21.83,1343.05
45148,2010,1,17,"Seq","LL","LL",4.93,100.63,37.41,159.48,324.37,184.33,1.83,72.98,139.26,113.59,216.69,"290.18",410.77,19.97,1185.83
45149,2010,1,17,"Seq","LL","LL",5.87,55.67,24.08,88.12,222.2,103.14,2.76,44.23,81.91,72.57,139,"212.67",286.01,17.68,923.98
45150,2010,1,17,"Seq","LL","LL",5.93,16.37,15.9,47.71,155.8,58.01,1.88,26.3,45.85,34.66,79.12,"152.93",197.71,28.41,635.28
45151,2010,1,17,"Seq","LL","LL",5.58,14.67,15.41,46.89,155.84,57.94,1.21,23.02,40.61,28.65,67.11,"155.28",195.71,25.76,670.38
45152,2010,1,17,"Seq","LL","LL",5.65,15.81,14.14,48,152.49,60.05,1.79,22.6,40.2,25.88,67.74,"155.84",214.81,43.17,744.19
45153,2010,1,17,"Seq","LL","LL",5.66,13.9,14.02,47.77,152.28,60.47,1.44,23.97,39.67,24.16,67.94,"154.71",194.91,26.3,774.25
45154,2010,1,17,"Seq","LL","LL",6.86,19.36,16.72,52.12,162.87,65.8,5.86,42.56,45.12,25.18,73.96,"102.16",225.67,104.16,1108.47
45155,2010,1,17,"Seq","SF","YP",6.66,199.06,104.44,442.39,1021.7,334.64,12.39,2.94,556.48,206.72,949.35,"105.31",329.56,25.19,3718.39
45156,2010,1,17,"Seq","SF","YP",6.51,163.03,60.83,409.37,982.69,290.96,8.6,3.05,613.36,204.81,1062.1,"82.87",294.12,48.22,4662.8
45157,2010,1,17,"Seq","SF","YP",6.44,134.55,52.21,328.02,904.15,234.35,7.66,3.32,539.15,191.52,928.01,"59.65",238.4,44.2,3956.92
45158,2010,1,17,"Seq","SF","YP",6.57,139,47.85,257.58,802.84,188.15,7.07,3.38,462.68,168.41,778.02,"46.58",210.85,25.28,3392.65
45159,2010,1,17,"Seq","SF","YP",6.25,68.72,32.23,155.65,614.66,114.45,4.72,3.45,312.78,117.45,534.41,"29.50",152.51,54.3,2684.31
45160,2010,1,17,"Seq","SF","YP",6.15,59.38,31.58,157,620.03,115.39,6.17,3.22,302.78,103.84,516.56,"29.23",137.86,49.25,2644.36
45161,2010,1,17,"Seq","SF","YP",6.3,54.96,28.86,240.39,951.31,184.61,12.16,1.29,395.96,119.54,674.65,"19.75",142.18,67.47,3964.57
45162,2010,1,17,"Seq","SF","YP",6.31,50.52,20.49,223.36,843.6,197.39,19.09,1.49,265.97,72.23,441.78,"0.32",129.72,78.89,4577.2
45163,2010,1,17,"Seq","SF","YP",6.41,54.87,18,182.32,775.77,160.84,13.3,1.01,249.07,64,412.16,"0.53",132.41,77,4137.65
45164,2010,1,17,"Seq","SF","YP",6.36,25.07,17.63,209.15,813.53,190.99,16.61,1.13,225.92,56.26,362.39,"0.20",106.13,80.87,4771.44
45165,2010,1,17,"Seq","SF","YP",6.35,4.3,13.72,173.45,694.03,167.52,14.34,0.94,157.76,30.73,242.79,"n.a.",78.97,74.67,4336.58
45166,2010,1,17,"Seq","TF","YP",6.63,174.69,122.84,54.63,93.01,66.26,0.67,4.57,94.02,184.72,165.33,"122.61",330.19,32.89,1157.38
45167,2010,1,17,"Seq","TF","YP",6.8,122.66,30.09,27.46,71.76,37.19,0.14,1.41,61.51,61.42,110.04,"46.59",145.63,-23.61,943.3
45168,2010,1,17,"Seq","TF","YP",6.89,44.71,10.73,14.47,71.54,22.37,-0.01,1.2,41.77,27.13,74.82,"23.13",70.55,2.71,736.04
45169,2010,1,17,"Seq","TF","YP",6.68,22.9,3.27,5.68,35.87,8.21,-0.13,1.03,19.09,9.11,35.58,"9.30",35.05,2.85,440.39
45170,2010,1,17,"Seq","TF","YP",6.61,24.95,5.78,9.2,57.8,16.38,-0.09,1.13,29.92,10.43,56.66,"15.06",45.72,5.72,554.76
45171,2010,1,17,"Seq","TF","YP",6.66,23.34,8.78,12.03,78.91,18.31,0.45,1.59,32.15,10.54,58.04,"14.01",42.85,5.5,779.71
45172,2010,1,17,"Seq","LL","LL",6.63,18.471,16.69,131.04,309.17,112.14,3.01,98.16,49.9,57.71,76.76,"189.17",395.81,188.17,1244
45173,2010,1,17,"Seq","LL","LL",5.96,101.865,26.53,132.99,301.04,114.9,2.08,107.83,101.63,126.93,171.43,"263.75",390.12,24.51,1410.07
45174,2010,1,17,"Seq","LL","LL",5.55,78.66,22.46,119.42,301.94,104.7,1.55,94.88,96.41,118.43,161.99,"243.95",354.64,32.03,1324.61
45175,2010,1,17,"Seq","LL","LL",5.42,61.75,20.99,112.32,295.32,97.8,1.62,86.09,90.69,111.8,152.67,"239.45",347.96,46.76,1209.7
45176,2010,1,17,"Seq","LL","LL",5.5,53.33,20.59,106.32,282.33,93.5,1.53,77.61,83.65,101.27,140.86,"219.10",298.61,26.17,1151.06
45177,2010,1,17,"Seq","LL","LL",5.64,34.44,19.66,91.96,259.21,78.64,1.11,57.3,74.54,89.77,125.79,"201.00",260.4,24.95,1065.28
45178,2010,1,17,"Seq","LL","LL",5.92,24.37,15.77,65.95,215.08,56.89,0.85,35.46,55.01,59.29,95.86,"162.34",198.16,11.46,749.41
45179,2010,1,17,"Seq","LL","LL",6.26,3.66,10.47,40.53,166.27,35.41,0.33,10,33.71,29.55,58.75,"114.36",135.49,17.47,537.97
45180,2010,1,17,"Seq","LL","LL",6.29,1.7,10.89,41.02,168.46,37.52,0.48,11.68,28.39,23.32,49.38,"125.93",132.64,5.01,490.1
45181,2010,1,17,"Seq","LL","LL",6.24,4.29,10.83,44.84,172.75,38.07,0.31,9.43,30.17,19.05,52.36,"132.18",139.95,3.48,543.25
45182,2010,1,17,"Seq","LL","LL",6.49,2.14,11.17,47.72,181.66,39,0.67,11.21,32.44,24.78,58.49,"142.82",141.35,-3.61,573.06
45183,2010,1,17,"Seq","LL","LL",6.81,115.04,14.05,61.12,200.97,60.39,1.33,41.83,37.28,21.58,59.82,"67.36",198.36,15.96,958.17
45184,2010,1,17,"Bulk","BP","BP",7.11,22.99,13.64,11.2,10.79,18.72,-0.22,0.95,15.1,16.42,26.77,"13.78",44.21,7.44,82.38
45185,2010,1,17,"Bulk","TF","BE",6.78,191.4,38.97,28.91,53.03,46.37,-0.12,2.09,96.83,49.97,177.98,"51.74",209.97,-33.17,54.73
45186,2010,1,17,"Bulk","TF","YP",6.84,36.34,30.81,16.76,112.4,24.34,0.56,3.47,49.97,24.42,84.7,"16.76",73.38,20.28,816.44
45187,2010,1,17,"Bulk","SSF","BE",5.93,277.69,71.41,109.87,203.48,94.63,18.54,34.79,270.16,104.4418,497.96,"122.67",331.05,-69.31,492.33
45188,2010,1,17,"Bulk","SSF","YP",6.49,60.24,31.05,152.59,180.24,120.57,22.51,65.44,112.03,49.75,192.67,"149.06",237.98,28.68,1548.57
45743,2010,3,11,"Seq","SF","BE",5.89,294,29.57,20.26,104.21,30.9,1.07,10.69,91.86,34.79,158.77,"90.27",426.76,42.5,879.19
45744,2010,3,11,"Seq","SF","BE",5.71,234.24,19.13,20.84,103.18,32.2,0.63,15.23,99.53,19.19,173.24,"100.42",389.03,54.37,956.35
45745,2010,3,11,"Seq","SF","BE",5.65,236.13,18.88,21.6,108.15,34.01,0.52,18.12,97.36,21.38,166.48,"102.92",378.61,39.56,1039.45
45746,2010,3,11,"Seq","SF","BE",5.74,213.31,19.36,22.11,110.17,33.59,0.66,18.48,95.04,17.66,162.71,"106.41",410.76,91.04,1142.33
45747,2010,3,11,"Seq","SF","BE",5.72,268.82,20.41,22.95,116.5,36.96,0.64,21.69,96.7,20.39,164.74,"111.37",407.33,27.14,1221.55
45748,2010,3,11,"Seq","SF","BE",6.14,258.42,24.64,32.33,140.32,51.26,0.98,32.73,109.3,18.49,176.37,"131.37",469.71,79.92,1548.2
45749,2010,3,11,"Seq","SF","BE",6.17,199.2,20.82,24.04,126.44,40.61,0.71,26.27,78.76,16.03,128.71,"99.66",373.14,74.29,1361.26
45750,2010,3,11,"Seq","SF","BE",5.73,85.68,16.64,13.02,92.43,19.97,0.37,14.49,48.05,24.75,85.65,"59.92",197.81,52.2,733.28
45751,2010,3,11,"Seq","SF","BE",5.71,82.22,40.05,14.02,74.8,24.86,0.38,15.3,38.84,68.09,70.87,"45.83",141.46,13.41,473.56
45752,2010,3,11,"Seq","SF","BE",5.92,29.79,10.16,3.66,28.69,7.66,0.3,8.63,15.75,5.08,26.63,"11.11",52.49,11.59,346.28
45753,2010,3,11,"Seq","SF","BE",6.27,24.17,10.04,2.28,30.19,8,0.11,9.62,17.63,0.08,32.06,"10.91",52.4,17.32,314.21
45754,2010,3,11,"Seq","SF","BE",6.05,18.64,17.36,4.95,43.02,9.98,0.63,7.88,17,17.92,14.97,"5.73",41.16,16.8,266.42
45755,2010,3,11,"Seq","SF","BE",6.02,11.19,7.99,1.24,13.81,5.11,-0.1,5.77,9.24,10.63,17.61,"3.52",27.67,12.96,176.08
45756,2010,3,11,"Seq","SF","BE",6.07,7.96,10.04,1.35,23.62,5.4,1.02,2.12,9.13,9.63,14.3,"2.57",19.11,8.58,127.5
45757,2010,3,11,"Seq","SF","BE",5.98,4.46,5.86,0.53,16.97,3.83,0.28,0.06,6.34,0.31,8.76,"1.82",16.17,9.89,129.2
45758,2010,3,11,"Seq","SF","BE",5.62,19.62,19.46,11.05,68.85,21.47,0.59,19.83,21.43,32.19,36.87,"27.20",67.98,21.16,591.05
45759,2010,3,11,"Seq","SF","BE",6.05,22.84,25.21,134.08,22.79,178.98,110.65,2.37,7.19,4.59,32.21,"22.77",59.71,14.1,449.27
45760,2010,3,11,"Seq","TF","BE",6.35,460.82,251.46,14.86,5.1,30.13,25.44,0.14,2.6,84.89,323.76,"292.01",752.01,-0.82,861.29
45761,2010,3,11,"Seq","TF","BE",6.11,32.07,12.39,15.48,15.97,35.61,0.64,3.51,20.98,7.01,36.73,"22.87",77.67,22.74,349.64
45762,2010,3,11,"Seq","TF","BE",6.17,29.18,24.95,12.39,17.46,27.49,0.63,0.75,16.54,36.09,29.06,"17.01",51.27,5.08,196.13
45763,2010,3,11,"Seq","TF","BE",6.11,9.39,9.68,3.14,8,11.06,0.57,0.58,5.04,0.16,1.91,"0.88",22.77,12.51,136.84
45764,2010,3,11,"Seq","TF","BE",6.02,10.16,12.58,4.68,14.02,15.19,0.65,1.05,9.31,18.06,14.69,"3.30",23.61,10.15,171.81
45765,2010,3,11,"Seq","TF","BE",5.79,6.39,9.37,2.65,7.7,9.59,0.47,0.27,6.18,7.39,9.4,"1.47",15.95,8.09,124.97
45766,2010,3,11,"Seq","TF","BE",5.87,4.81,6.13,2.42,6.47,6.87,0.22,0.6,5.67,0.17,1.5,"0.24",15.57,10.53,86.73
45767,2010,3,11,"Seq","TF","BE",5.94,2.4,16.19,2.34,7.79,5.41,0.05,0.76,4.02,0,0.75,"0.10",11.18,8.68,60.73
45768,2010,3,11,"Seq","TF","BE",6.08,2.24,1.69,0.72,3.64,4.12,0.13,0.39,2.58,6.14,3.54,"0.54",12.37,9.59,64.36
45769,2010,3,11,"Seq","TF","BE",5.83,13.15,1.73,6.75,8.68,14.4,0.41,1.49,10.24,0.18,16.62,"13.02",32.33,6.17,104.19
45770,2010,3,11,"Seq","TF","BE",6.05,23.96,13.32,13.65,18.65,28.11,0.21,5.34,13.92,4.69,23.13,"39.78",71.13,7.39,219.69
45771,2010,3,11,"Seq","LL","LL",6.43,7.29,20.94,62.91,89.75,83.79,2.35,44.95,19.96,1.52,10.22,"22.81",90.94,60.84,845.15
45772,2010,3,11,"Seq","LL","LL",6.05,11.57,28.59,97.89,116.04,135.53,2.14,72.92,35.49,2.78,15.14,"27.78",126.58,87.22,1283.48
45773,2010,3,11,"Seq","LL","LL",6.05,3.01,27.52,106.87,120.04,143.59,2.52,80.14,35.99,0.21,9.89,"18.58",150.52,128.94,1414.47
45774,2010,3,11,"Seq","LL","LL",6.07,8.82,28.19,105.07,124.04,146.89,3.21,82.1,35.16,24.39,54.6,"89.08",134.47,36.57,1515.97
45775,2010,3,11,"Seq","LL","LL",6.22,6.58,28.67,108.49,128.25,151.37,3.03,84.65,35.63,23,55.87,"73.81",131.26,50.87,1726.83
45776,2010,3,11,"Seq","LL","LL",6.28,0.78,24.32,74.29,100.98,109.19,2.03,61.33,25.37,16.81,39.6,"60.52",95.17,33.86,1274.37
45777,2010,3,11,"Seq","LL","LL",6.08,3.12,16.06,40.13,69.66,52.97,1.22,32.26,13.95,23.33,22.17,"33.87",58.54,21.55,811.57
45778,2010,3,11,"Seq","LL","LL",6.17,1.03,14.33,29.56,57.89,38.93,0.62,18.86,8.72,4.47,9.01,"12.42",43.09,29.64,632.7
45779,2010,3,11,"Seq","LL","LL",6.49,0.08,13.78,29.92,58.88,40.3,0.92,19.55,8.19,3.93,12.18,"25.46",43.12,17.58,668.8
45780,2010,3,11,"Seq","LL","LL",6.4,1.46,13.86,30.43,60.28,42.7,1.03,15.91,9.75,16.77,14.88,"10.43",36.67,24.77,649.2
45781,2010,3,11,"Seq","LL","LL",6.36,1.77,13.28,24.58,53.13,32.49,1.5,10.51,7.76,9.54,12.35,"20.01",34.07,12.29,472.7
45782,2010,3,11,"Seq","LL","LL",6.2,0.61,10.73,16.76,43.02,22.11,0.3,4.31,5.33,8.15,8.26,"4.31",26.51,21.59,308.37
45783,2010,3,11,"Seq","LL","LL",6.09,1.14,10.69,23.87,44.31,31.22,1.24,7.44,6.55,2.52,9.35,"18.81",36.55,16.6,469.9
45784,2010,3,11,"Seq","LL","LL",6.21,0.7,13.39,47.28,54.45,63.64,1.34,36.46,9.03,0.14,11.48,"12.48",41.56,28.38,815.72
45785,2010,3,11,"Seq","SF","YP",5.8,171.62,96.47,721.49,912.03,606.18,27.37,0.6,565.16,139.37,990.16,"172.77",536.32,191.93,11345.16
45786,2010,3,11,"Seq","SF","YP",5.7,143.51,117.33,1062.25,1395.77,892,40.88,2.67,881.75,188.9,1530.08,"179.54",633.98,310.93,18494.24
45787,2010,3,11,"Seq","SF","YP",5.89,54.93,50.02,364.44,1015.03,303.96,19.25,0.38,375.74,82.52,616.19,"30.03",286.27,201.31,10082.7
45788,2010,3,11,"Seq","SF","YP",6.16,21.06,17.31,68.61,382.72,64.28,6.45,1.36,73.4,32.71,107.95,"3.36",97.57,73.15,3606.29
45789,2010,3,11,"Seq","SF","YP",6.18,25.01,8.06,22.69,193.66,28.24,5.5,0.51,31.07,5.51,45.98,"0.52",56.9,31.37,1941.45
45790,2010,3,11,"Seq","SF","YP",6.53,25.8,10.85,24,246.38,30.41,3.77,0.95,36.16,0.54,23.54,"0.26",61.18,35.12,2204.58
45791,2010,3,11,"Seq","SF","YP",6.48,24.81,11.17,19.43,195.41,25.68,3.89,0.85,32.67,20.77,46.8,"0.51",59.75,34.43,1847.72
45792,2010,3,11,"Seq","SF","YP",6.22,21.86,11.35,25.59,259.98,31.93,5.27,0.99,38.06,23.59,53.85,"0.40",62.35,40.09,2185.66
45793,2010,3,11,"Seq","SF","YP",6.25,10.74,5.54,13.63,177.53,15.2,2.45,1.27,23.38,13.85,22.45,"0.38",39.56,28.44,1165.61
45794,2010,3,11,"Seq","SF","YP",6.41,6.82,3.06,7.14,129.91,10.38,1.95,0.51,15.46,7.27,22.7,"0.29",26.41,19.3,816.97
45795,2010,3,11,"Seq","SF","YP",6.67,0.98,1.07,4.14,108.73,8.78,1.16,0.27,10.13,5.71,14.7,"n.a.",10.65,9.67,516.9
45796,2010,3,11,"Seq","SF","YP",6.33,7.16,5.36,21.83,211.92,27.69,3.58,0.74,20.5,0.99,23.41,"0.39",44.93,37.38,1600.59
45797,2010,3,11,"Seq","SF","YP",6.22,27.26,9,33.67,326.44,41.05,4.81,1.07,37.87,0.72,18.58,"0.12",68,40.63,3219.34
45798,2010,3,11,"Seq","TF","YP",6.14,135.65,40.3,49.04,48.55,70.76,1.56,4.41,51.99,41.8,82.96,"104.46",272.82,32.71,735.84
45799,2010,3,11,"Seq","TF","YP",5.98,32.17,10.68,21.97,56.5,38.86,2.19,1.8,26.65,8.49,46.11,"25.43",71.56,13.96,775.61
45800,2010,3,11,"Seq","TF","YP",6.07,32.17,27.94,17.35,58.09,33.58,0.79,0.84,23.34,47.67,41.11,"21.50",56.82,3.15,617.73
45801,2010,3,11,"Seq","TF","YP",6.17,17.09,8.94,8.18,48.69,15.77,1.08,0.33,10.4,3.69,8.27,"3.51",34.98,14.38,601.32
45802,2010,3,11,"Seq","TF","YP",6.45,50.43,3.23,11.69,60.59,14.76,0.37,0.49,10.7,2.77,15.17,"3.90",56,1.67,577.23
45803,2010,3,11,"Seq","TF","YP",6.05,19.67,15.74,8.68,65.11,16.07,0.56,0.7,13.88,25.47,19.29,"3.39",37.06,14,592.16
45804,2010,3,11,"Seq","TF","YP",6.17,11.67,10.19,2.9,32.75,6.62,0.45,3.56,7.63,4.75,11.04,"1.68",27.84,14.49,411.54
45805,2010,3,11,"Seq","TF","YP",6.08,6.85,9.56,4.22,29.97,4.2,0.16,0.02,7.14,9.06,11.26,"1.47",22.32,14,338.69
45806,2010,3,11,"Seq","TF","YP",6.1,7.59,5.59,1.1,16,2.3,0.63,0.23,3.39,1.94,5.03,"0.70",14.12,5.83,294.02
45807,2010,3,11,"Seq","TF","YP",6.19,3.45,3.01,2.34,14.86,2.36,-0.07,-0.11,2.85,0.45,3.4,"0.56",12.31,8.3,290.76
45808,2010,3,11,"Seq","TF","YP",5.92,8.3,9.72,11.63,26.82,16.23,0.5,0.66,10.45,5.51,18.91,"15.58",34.47,10.6,420.16
45809,2010,3,11,"Seq","TF","YP",5.6,9.3,5.94,14.14,20.15,20.78,0.68,0.95,11.29,0.14,7.88,"9.74",44.02,24.98,42.96
45810,2010,3,11,"Seq","LL","LL",6.55,10.2,21.68,136.74,129.84,109.53,1.93,77.31,40.71,12.5,31.59,"29.10",98.68,59.39,1562.62
45811,2010,3,11,"Seq","LL","LL",6.44,11.73,21.72,138.24,144.17,118.51,2.29,79.92,40.03,32.46,64.01,"66.19",105.1,27.17,1429.33
45812,2010,3,11,"Seq","LL","LL",6.35,15.24,21.63,120.1,142.98,110.38,2,78.33,39.05,18.69,34.65,"36.36",106.55,54.95,1519.95
45813,2010,3,11,"Seq","LL","LL",6.39,11.18,20.24,109.85,141.18,97.53,2.26,79.39,37.96,29.96,57.71,"55.46",90.78,24.14,1490.15
45814,2010,3,11,"Seq","LL","LL",6.36,12.2,19.29,101.97,135.01,96.87,2.08,76.38,33.11,11.87,28.38,"27.03",78.79,39.56,1463.64
45815,2010,3,11,"Seq","LL","LL",6.5,5.49,17.54,89.33,124.9,86.6,2.04,73.09,26.26,5.75,14.14,"6.81",55.05,42.76,1464.99
45816,2010,3,11,"Seq","LL","LL",6.51,1.5,15.6,61.56,101.16,60.54,1.49,47.76,17.64,15.64,26.88,"21.01",48.48,25.97,1085.1
45817,2010,3,11,"Seq","LL","LL",6.48,0.8,13.14,42.45,80.18,39.53,0.54,21.38,10.37,18.44,15.86,"8.64",27.25,17.81,619.55
45818,2010,3,11,"Seq","LL","LL",6.51,0.03,12.97,35.79,71.51,32.24,0.47,13.34,6.1,0,7.13,"7.06",32.36,25.28,507.69
45819,2010,3,11,"Seq","LL","LL",6.62,0.57,13.45,35.25,73.03,33.43,1.18,15.08,6.87,0.12,8.58,"10.90",28.63,17.16,534.7
45820,2010,3,11,"Seq","LL","LL",6.61,0.28,13.73,39.35,74.24,36.52,0.49,14.05,8.04,10.43,11.1,"8.72",28.97,19.97,538.87
45821,2010,3,11,"Seq","LL","LL",6.65,0.65,13.45,33.32,68,29.48,0.68,6.53,7.53,10.09,11.1,"13.86",30.92,16.41,419.81
45822,2010,3,11,"Seq","LL","LL",6.69,0.56,10.07,25.3,61.35,21.37,0.3,4.15,5.31,6.59,6.81,"9.47",21.94,11.91,257.3
45823,2010,3,11,"Seq","LL","LL",6.38,12.99,10.99,29.47,54.5,26.97,0.57,7.4,6.27,0.39,8.64,"5.20",31.73,13.54,369.37
45824,2010,3,11,"Seq","LL","LL",6.36,1.37,11.36,55.45,65.44,51.92,0.92,30.76,10.97,0.55,13.12,"15.82",49.33,32.14,786.45
45825,2010,3,11,"Seq","SSF","BE",4.88,94.48,50.27,78.07,115.68,71.59,15.61,53.23,126.6,41.87,227.97,"127.33",226.03,4.22,694.25
45826,2010,3,11,"Seq","SSF","BE",5.27,107.52,48.83,74.09,121.69,73.85,11.62,43.25,106.82,45.02,198.37,"126.99",241.58,7.07,666.01
45827,2010,3,11,"Seq","SSF","BE",5.09,72.67,43.28,44.08,92.64,41.35,12.2,41.06,74.04,18.81,74.19,"53.28",186.39,60.44,621.51
45828,2010,3,11,"Seq","SSF","BE",5.07,46.61,30.42,38.52,78.12,38.26,11.54,37.5,60.49,10.86,49.5,"29.97",127.13,50.55,568.31
45829,2010,3,11,"Seq","SSF","BE",5.25,38.14,24.46,27.4,61.63,30,10.16,29.22,45.4,22.53,83.25,"45.49",94.6,10.97,567.89
45830,2010,3,11,"Seq","SSF","BE",5.12,36.59,21.78,20.72,55.2,21.28,8.56,20.72,37.12,28.49,59.56,"34.13",88.9,18.18,518.35
45831,2010,3,11,"Seq","SSF","BE",5.28,18.74,16.7,19.06,46.54,20.31,6.65,15.99,28.95,14.87,46.77,"35.61",66.23,11.89,467.5
45832,2010,3,11,"Seq","SSF","BE",5.38,16.04,14.6,14.59,43.41,16.28,5.37,11.99,24.06,15.19,45,"32.92",59.79,10.83,433.15
45833,2010,3,11,"Seq","SSF","BE",5.54,20.03,14.39,12.53,41.89,14.69,5.01,12.12,22.3,11.9,41.76,"15.34",54.24,18.87,416.14
45834,2010,3,11,"Seq","SSF","BE",5.24,23.04,19.12,20.16,57.01,22.22,10.08,23.25,33.86,0.14,26.23,"9.80",66.38,33.53,718.28
45835,2010,3,11,"Seq","SSF","BE",5.28,23.17,21.99,23.92,60.41,26.37,12.65,29.12,38.46,13.55,68.69,"27.25",77.51,27.09,846.75
45836,2010,3,11,"Seq","STR","BE",5.65,195.15,29.38,60.62,80.78,68.28,1.97,2.13,115.58,27.18,197.94,"105.27",329.27,28.85,1407.18
45837,2010,3,11,"Seq","STR","BE",5.65,196.03,30.08,57.87,78.79,68,1.64,0.03,105.93,23.14,177,"77.54",297.85,24.28,1384.59
45838,2010,3,11,"Seq","STR","BE",5.82,25.63,16.04,8.81,25.03,13.31,0.11,1.45,13.37,6.47,23.55,"4.99",49.91,19.29,392.5
45839,2010,3,11,"Seq","STR","BE",5.61,23.8,20.6,7.57,28.06,12.95,0.31,0.81,15.15,6.94,9.25,"0.98",41.39,16.62,422.25
45840,2010,3,11,"Seq","STR","BE",5.73,11.43,11.97,3.44,15.98,4.91,0.1,0.81,10.06,7.61,17.05,"1.61",27.56,14.52,267.64
45841,2010,3,11,"Seq","STR","BE",5.68,5.59,7.44,3.59,14.52,6.8,0.12,1.97,7.06,1.94,3.5,"0.22",17.41,11.6,169.32
45842,2010,3,11,"Seq","STR","BE",5.77,3.49,4.93,1.78,10.21,2.05,-0.06,1.24,4.55,0.46,5.94,"0.57",15.84,11.78,128.84
45843,2010,3,11,"Seq","STREAM","STREAM",6.59,0.6,165.76,132.13,32.85,172.8,0.28,240.94,126.28,72.58,252.26,"28.26",41.05,12.19,180.62
45844,2010,3,11,"Seq","STREAM","STREAM",6.77,5.73,166,133.86,31.69,170.01,0.31,249.83,128,72.52,251.72,"24.94",37.38,6.71,165.27
45845,2010,3,11,"Seq","STREAM","STREAM",6.82,6.59,103.57,103.92,40.79,119.2,1.3,135.71,81.89,45.89,153.36,"51.39",63.19,5.21,299.62
45846,2010,3,11,"Seq","STREAM","STREAM",6.66,6.65,126.04,122.32,38.69,142.67,1.18,175.26,99.88,56.33,194.43,"47.02",60.47,6.79,266.1
45847,2010,3,11,"Seq","STREAM","STREAM",6.74,1.45,118.1,113.03,35.4,133.77,1.25,159.04,93.6,50.9,179.78,"50.53",57.83,5.85,287.37
45848,2010,3,11,"Seq","STREAM","STREAM",6.83,0.53,94.41,117.41,39.91,130.75,2.41,130.04,78.76,42.62,151.35,"56.05",64.32,7.74,362.56
45849,2010,3,11,"Seq","STREAM","STREAM",6.66,7.56,62.2,92.57,39.39,103.64,2.95,85.49,57.07,29.42,106.25,"43.93",63.83,12.34,456.78
45850,2010,3,11,"Bulk","BP","BP",5.54,6.3,9.93,6.56,0.64,12.97,0.19,-0.17,7.46,5.69,14.18,"12.11",22.76,4.35,54.03
45851,2010,3,11,"Bulk","TF","BE",5.72,42.78,15.59,8.36,19.44,13.49,0.18,1.34,16.17,10.4,31.28,"27.39",70.43,0.26,321.75
45852,2010,3,11,"Bulk","TF","YP",5.65,18.09,16.31,12.07,60.01,18.66,0.77,0.12,17.54,10.01,28.91,"14.54",48.02,15.39,749.45
45853,2010,3,11,"Bulk","SSF","YP",4.66,4.28,32.11,126.28,167.78,122.3,21.71,50.51,96.06,39.78,175.62,"163.10",202.77,35.39,1546.23
46973,2010,3,22,"Bulk","TF","YP",6.65,41.483,47.63,12.81,59.04,18.19,0.38,0.74,14.7,67.66,26.81,"28.39",83.558,13.69,257.49
46974,2010,3,22,"Bulk","TF","BE",6.51,95.39,69.19,24.94,29.11,37.68,0.26,4.93,28.74,86.92,53.01,"56.80",155.127,2.93,29.72
46975,2010,3,22,"Bulk","SF","YP",6.51,60.195,32.32,79.98,456.76,76.49,7.04,2.18,69.1,77.6,101.03,"10.38",147.457,76.88,208.35
46976,2010,3,22,"Bulk","SF","BE",6.32,209.72,111.9,96.44,138.18,130.32,0.57,7.85,122,197.55,223.53,"170.70",473.542,93.12,31.52
46977,2010,3,22,"Bulk","LL","LL",6.23,1.215,30.84,98.41,87.26,88.35,1.74,58.12,19.63,92.07,30.08,"51.51",76.728,24,32.88
46978,2010,3,22,"Bulk","LL","LL",6.16,1.255,26.69,67.82,65.74,88.04,1.45,46.96,18.54,55.25,29.6,"75.61",100.915,24.05,610.59
46979,2010,3,22,"Bulk","SSF","YP",5.01,3.103,29.9,94.03,162.35,94.87,19.1,36.72,57.58,52.45,100.46,"182.39",218.629,33.14,1219.16
46980,2010,3,22,"Bulk","SSF","BE",4.4,63.888,53.2,72.37,123.22,83.74,9.73,27.43,76.89,104.07,140.06,"150.32",277.715,63.5,727.34
46981,2010,4,24,"Bulk","BP","BP",4.78,4.877,44.23,14.22,8.65,20.18,0.01,1.13,11.88,55.42,23.11,"17.10",53.175,31.2,99.96
46982,2010,4,24,"Bulk","TF","YP",5.8,23.695,16.8,56.92,155.07,59.28,2.56,2.01,24.48,7.82,38.69,"13.72",54.943,17.52,1095.89
46983,2010,4,24,"Bulk","TF","BE",6.52,113.06,10.85,39.76,102.16,47.16,1.22,10.09,25.78,14.79,46.57,"38.57",161.53,9.9,477.98
46984,2010,4,24,"Bulk","SF","YP",5.8,154.21,68.29,377.47,1053.62,360.52,22.42,1.86,195.84,60.45,254.97,"3.69",354.064,196.16,10818.51
46985,2010,4,24,"Bulk","SF","BE",5.34,245.7,30.95,23.01,265.38,36.89,2.39,86.16,97.7,24.18,158.47,"120.34",571.283,205.24,1941.19
46986,2010,4,24,"Bulk","LL","LL",5.92,1.507,16.46,152.5,127.11,155.63,4.32,92,32.58,10.89,44.67,"76.41",119.084,41.16,2120.13
46987,2010,4,24,"Bulk","LL","LL",5.88,1.541,15.14,141.17,102.88,211.42,4.68,113.54,29.96,12.23,43.04,"121.14",172.336,49.65,2022.89
46988,2010,4,24,"Bulk","SSF","YP",5.22,1.048,33.37,117.24,161.23,123.88,26.19,90.25,84.14,48.39,149.96,"147.53",193.378,44.8,1575.53
46989,2010,4,24,"Bulk","SSF","BE",4.7,5.81,32.23,44.09,74.97,46.31,12.28,53.56,43.99,14.62,79.71,"114.55",144.296,23.94,601.21
46990,2010,4,24,"Bulk","BP","BP",5.52,31.416,2.62,8.41,3.74,24.6,0.36,0.38,13.97,10.64,29.11,"30.36",70.241,8.47,14.6
46991,2010,6,9,"Bulk","TF","YP",5.92,84.015,100.04,60.49,95.14,104.54,1.8,6.61,44.44,27.05,75.94,"73.03",176.661,19.62,763.4
46992,2010,6,9,"Bulk","TF","BE",6.03,81.414,107.15,70.4,203.95,131.05,1.39,19.33,78.41,24.43,136.95,"122.51",239.693,35.77,1043.61
46993,2010,6,9,"Bulk","SF","YP",5.85,6.616,130.37,96.17,688.79,99.14,4.11,22.57,99.47,57.47,136.73,"83.44",628.633,538.58,2577.96
46994,2010,6,9,"Bulk","SF","BE",4.98,79.077,38.62,43.49,541.64,68.06,2.84,243.36,97.1,32.2,142.15,"195.55",532.117,257.49,2000.39
46995,2010,6,9,"Bulk","LL","LL",6.86,35.813,27.78,310.24,674.19,318.12,8.33,141.5,66.77,58.09,82.02,"72.15",249.823,141.86,3313.19
46996,2010,6,9,"Bulk","LL","LL",4.84,6.738,34.39,322.19,366.91,486.36,5.09,133,99.39,56.19,162.23,"698.44",855.148,149.97,2944.85
46997,2010,6,9,"Bulk","SSF","YP",6.36,111.123,92.2,27.34,43.29,78.25,0.55,19.16,33.23,14.7,59.53,"39.05",185.866,35.7,330.39
46998,2010,6,22,"Bulk","SSF","BE",6.15,1.805,124.9,56.58,164.72,81.81,1.48,-0.04,43.81,11.22,73.79,"104.49",131.819,25.52,579.34
46999,2010,6,22,"Bulk","BP","BP",4.91,9.288,54.28,37.96,99.09,73.38,1.28,5.07,45.28,15.07,82.12,"87.02",181.457,85.15,513.6
47000,2010,6,22,"Bulk","TF","YP",5.96,2.619,38.46,144.1,1069.18,134.05,9.41,0.74,94.63,27.81,120.55,"179.89",310.121,127.62,3428.06
47001,2010,6,22,"Bulk","TF","BE",4.99,13.13,51.58,42.46,218.61,46.92,1.53,10.86,61.7,18.44,101.56,"178.02",444.245,253.09,895.18
47002,2010,6,22,"Bulk","SF","YP",5.6,1.363,48.3,145.35,385.43,151.36,3.65,63.93,55.58,52.57,87.3,"230.64",288.727,56.72,2010.17
47003,2010,6,22,"Bulk","SF","BE",5.03,95.281,22.3,359.83,373.31,524.87,3.32,95.1,89.77,24.35,148.11,"840.34",1092.161,156.54,2385.79
47004,2010,6,22,"Bulk","LL","LL",5.34,2.013,21.34,49.26,281.14,58.15,7.62,10.54,51.88,24.43,81.13,"146.63",195.178,46.54,1465.63
47005,2010,6,22,"Bulk","LL","LL",4.74,46.958,15.85,49.22,171.7,63.72,9.27,14.52,56.04,17.69,95.46,"120.09",242.748,75.7,1281.86
47006,2010,6,22,"Bulk","SSF","YP",5.15,356.65,28.29,45.68,61.66,44.01,0.18,-0.28,46.55,11.05,82.97,"42.74",764.696,365.3,177.33
47007,2010,7,19,"Bulk","SSF","BE",6.2,25.281,121.68,35.37,120.33,53.19,2.01,6.99,29.54,10.85,43.99,"43.69",112.529,43.55,1062.43
47008,2010,7,19,"Bulk","BP","BP",5.86,1.737,35.77,33.83,85.29,48.9,1.87,39.6,22.47,18.31,38.51,"55.25",124,67.02,340.2
47009,2010,7,19,"Bulk","TF","YP",6.18,67.273,25.91,204.17,1285.19,225.08,10.33,2.64,88.96,13.91,90.77,"21.76",261.527,172.49,6781.94
47010,2010,7,19,"Bulk","TF","BE",6.45,52.555,6.17,8.08,198.69,14.61,0.91,42.7,32.28,6.42,52.29,"59.11",143.892,32.23,818.52
47011,2010,7,19,"Bulk","SF","YP",6.05,1.538,10.19,219.26,217.48,258.95,5.6,186.73,37.42,8.53,42.93,"135.47",229.033,92.03,2741.52
47012,2010,7,19,"Bulk","SF","BE",5.81,1.74,6.57,241.69,174.83,393.64,6.46,224.33,42.2,7.79,53.09,"300.31",395.411,93.36,2920.23
47013,2010,7,19,"Bulk","LL","LL",5.91,1.599,13.11,29.64,185.36,40.61,9.24,14.51,27.3,7.66,30.17,"54.03",107.506,51.88,2031.59
47014,2010,7,19,"Bulk","LL","LL",5.72,2.218,13.23,27.11,89.98,34.97,8.11,69.6,30.09,13.63,47.25,"40.34",81.661,39.1,1046.42
47015,2010,7,19,"Bulk","SSF","YP",5.29,18.69,66.99,35.27,33.01,52.13,0.44,89.56,21.17,24.59,37.84,"36.53",156.459,101.24,146.21
47016,2010,11,4,"Bulk","SSF","BE",6.37,1.197,19.51,70.28,336.2,75.2,3.14,8.27,24.51,33.27,27.37,"n.a.",39.567,38.37,1815.83
47017,2010,11,4,"Bulk","BP","BP",6.54,7.692,8.4,88.74,226.41,72.88,2.41,9.87,16.47,28.65,22.66,"6.14",38.63,24.79,518.15
47018,2010,11,4,"Bulk","TF","YP",6.49,38.443,26.19,218.66,1234.95,248.28,13,8.77,76.23,36.16,66.02,"1.28",219.795,180.07,8204.9
47019,2010,11,4,"Bulk","TF","BE",6.77,16.805,6.75,5.39,144.71,9.05,1.22,36.99,17.34,10.89,27.17,"12.32",46.872,17.75,439.97
47020,2010,11,4,"Bulk","SF","YP",6.5,1.354,16.73,233.71,571.48,234.56,6.97,73.1,44.32,60.18,52.68,"n.a.",72.223,70.87,2149.76
47021,2010,11,4,"Bulk","SF","BE",6.47,1.746,69.44,151.07,312.93,217.77,5.6,57.86,29.26,41.24,33.16,"n.a.",34.689,32.94,1691.27
47022,2010,11,4,"Bulk","LL","LL",5.78,20.746,58.97,133.68,196.21,155.92,26.44,182.98,79.41,83.53,132.46,"169.25",240.236,50.24,1902.63
47023,2010,11,4,"Bulk","LL","LL",5.79,9.013,18.96,30.93,65.64,30.28,9.64,60.71,33.38,27.64,59.04,"17.32",50.337,24,639.22
47024,2010,11,4,"Bulk","SSF","SSF",6.19,7.576,5.54,6.72,5.64,12.3,0,2.92,4.18,2.69,6.11,"6.18",20.367,6.61,-4.46
